New!Hologram Curly Puff - Softcase Fullcover for iPhone 7 8 SE2020 7+ 8+ X XS XR XSMAX 11 11PRO 11PROMAX 12 13 PRO PROMAX 14 14PLUS 14PRO 14PROMAX;19.200;https://down-id.img.susercontent.com/file/sg-11134201-22110-jpoq8k0yhakv36_tn;komputer-aksesoris;10RB+ Terjual;-76%;true;true
New! ULTRA PLATE METALLIC - Fullcover Softcase for iPhoneX XR XSMAX 11 11PRO 11PROMAX 12 13 PRO PROMAX XR XSMAX 14 14PLUS 14PRO 14PROMAX;12.650;https://down-id.img.susercontent.com/file/sg-11134201-22120-brwbwwdxirkv22_tn;komputer-aksesoris;10RB+ Terjual;-77%;true;true
3D BUTTERFLY Case for IPHONE 7 8 PLUS SE 2020 2022 X XS XR 11 12 13 14 15 PRO MAX Casing Lucu Kupu Kupu Art Bening Clear Cute Campro;26.250;https://down-id.img.susercontent.com/file/id-11134207-7qul1-lfcdfb9vioyz5f_tn;komputer-aksesoris;6,1RB Terjual;-65%;true;true
CASE CLEAR AIRBAG SAMSUNG A05 A05S A02 M02 A03  A03 CORE A04 A04E A04S A13 5G;6.000;https://down-id.img.susercontent.com/file/sg-11134201-7qvdy-lhlraitmfexx33_tn;komputer-aksesoris;10RB+ Terjual;;true;true
PUNING PowerBank 60000mAh 4 USB Fast Charging;112.100;https://down-id.img.susercontent.com/file/id-11134207-7qul0-lhev58o0npfj98_tn;komputer-aksesoris;10RB+ Terjual;-5%;true;true
ONE-C394 Headset Macaron Matte Color U19 Hifi / Handsfree Mate Colorfull Earphone Hifi Extra Bass / Hansfree Stereo U19 Warna Warni;4.150;https://down-id.img.susercontent.com/file/20e6250624954bf7b1bcc11000b620eb_tn;komputer-aksesoris;10RB+ Terjual;-76%;true;true
FS Kartu Perdana XL Xtra Combo Flex XXXL;80.000;https://down-id.img.susercontent.com/file/id-11134207-7r991-lmwmm1knwjrbca_tn;komputer-aksesoris;10RB+ Terjual;-49%;true;true
Best Seller !!! Smartwatch T55 Jam Tangan Pintar Pria Wanita + 2 Tali;55.500;https://down-id.img.susercontent.com/file/1c45cc92040170aed49a11320803c36d_tn;komputer-aksesoris;10RB+ Terjual;-78%;true;true
WEWANT Gamepad Android Bluetooth Wireless X3 IOS Windows Controller Joystick;75.900;https://down-id.img.susercontent.com/file/sg-11134201-7rbki-lmpjm0aiyt6zfe_tn;komputer-aksesoris;10RB+ Terjual;-53%;true;true
Terbaru!!! TWS Powerbank M10 Heandseat Bluetooh M10 Wireless 3500mAh;39.500;https://down-id.img.susercontent.com/file/id-11134207-7r990-lma5i0u9ore358_tn;komputer-aksesoris;3,7RB Terjual;>80% off;true;true
DL Kipas Angin Mini 10000mAh 5-Speed Wind Kipas Genggam Portabel Karakter LED Display Portable Handheld Fan Aromaterapi kipas mini;59.000;https://down-id.img.susercontent.com/file/id-11134207-7qul7-lkhukl86m6gwbe_tn;komputer-aksesoris;4,3RB Terjual;-69%;true;true
Wireless StereoHeadset Bluetooth I7S TWS Versi 5.0 Sport True Wireless Earphone i7S Handsfree i7s twsheavy bass;25.500;https://down-id.img.susercontent.com/file/sg-11134201-22120-7wr23gy52ukv28_tn;komputer-aksesoris;10RB+ Terjual;-4%;true;true
M10 Headset Bluetooth Wireless TWS + Power Bank 3500mAh;31.999;https://down-id.img.susercontent.com/file/sg-11134201-22110-z99u7k8wqwjv90_tn;komputer-aksesoris;10RB+ Terjual;>80% off;true;true
Goojodoq 3000mAh KIPAS ANGIN MINI GENGGAM Cute / Kipas Lipat PORTABLE / Mini Fan;39.900;https://down-id.img.susercontent.com/file/id-11134207-7qukw-ljb7nijnkd3r3c_tn;komputer-aksesoris;8,8RB Terjual;-67%;true;true
BOOM!!! Mini Fan 178 MINI IMUT KIPAS ANGIN MINI GENGGAM Cute / Kipas Lipat Portable;18.000;https://down-id.img.susercontent.com/file/d4b49bd5e36ef5d9b24aefb669c21db1_tn;komputer-aksesoris;6,3RB Terjual;-3%;true;true
(1) Diamond Bludru Silicone Case - Softcase Fullcover For iPhone XR XSMAX 11 11PRO 11PROMAX 12 13 MINI 14 PLUS PRO PROMAX;18.600;https://down-id.img.susercontent.com/file/id-11134207-7qul5-lez36fluzghhf7_tn;komputer-aksesoris;10RB+ Terjual;-69%;true;true
Kabel Data?AROVER X10 PRO?Kabel Data Fast Charging 120W , Micro Usb / Type C / ipone - Garansi Original;8.400;https://down-id.img.susercontent.com/file/id-11134207-7qukw-lf9lgi6cn5md47_tn;komputer-aksesoris;10RB+ Terjual;-76%;true;true
[COD] USB KABEL DATA CHARGER CASAN MICRO / TYPE TIPE C FAST CHARGING 120W MURAH;9.250;https://down-id.img.susercontent.com/file/sg-11134201-7qveb-ljnrukl85b7if5_tn;komputer-aksesoris;10RB+ Terjual;-64%;true;true
[COD] KABEL DATA XIAOMI TURBO CHARGE TYPE C ORIGINAL 5A 100%;10.500;https://down-id.img.susercontent.com/file/id-11134207-7r98w-lnqz8k4yrtzb28_tn;komputer-aksesoris;10RB+ Terjual;-50%;true;true
Casing hp Oppo A58 4G A78 4G A18 A17 A17k A16 A16s A54s A5s A12 A9 A3S A54 A1K A7 A77s A16K A16E A57 2022 A15 A15s A52 A92 A31 A53 Reno 8T 5F Black and Blue Oil Painting 3D Soft Wave Edge TPU Phone Case Cover SUNSHINE;12.900;https://down-id.img.susercontent.com/file/sg-11134201-7qvcp-lkeyi0orpi6437_tn;komputer-aksesoris;4,9RB Terjual;-74%;true;true
Matte Glass 9H Anti Glare Xiaomi Redmi 12 12C 11A 10 10A 10C 9 9A 9C 9i 9T A1 A2 Note 8 8A 8A Pro 6 6 Pro 6A 7 7A 5+ S2 Tempered Glass Anti Fingerprint;9.120;https://down-id.img.susercontent.com/file/4ff593a7b52dc5187e632a4e90a54307_tn;komputer-aksesoris;10RB+ Terjual;>80% off;true;true
VIVO Y17/HP MURAH/ HP VIVO/ 6GB/128GB / 8+256GB /Fullset /dengan AI Triple Camera, Baterai 5.000 mAh,  6GB RAM + 128GB ROM, Ultra All Screen.;716.000;https://down-id.img.susercontent.com/file/sg-11134201-23020-2swkogzbd1mve4_tn;komputer-aksesoris;10RB+ Terjual;-54%;true;true
Handsfree Headset JB-11 Double Sound Headset Universal SPORTS JB11 Earphone Purebass Murah;6.590;https://down-id.img.susercontent.com/file/afc26c5c69da0e27c4f45cc3750ea43c_tn;komputer-aksesoris;10RB+ Terjual;-49%;true;true
(SS) Speaker Bluetooth LED Ambient Light Wireless Charger Lampu Meja BT2301 Multifunctional;109.999;https://down-id.img.susercontent.com/file/sg-11134201-7rbli-llkekhl3c3edc6_tn;komputer-aksesoris;3,4RB Terjual;-45%;true;true
Magic Superfit Gorilla Tempered Glass iPhone HD Clear Privacy Anti-Spy Easy to Install X XS XR 11 12 Mini 13 14+ 15 Pro Max;27.500;https://down-id.img.susercontent.com/file/id-11134207-7qul6-lh3jiyknjtkebb_tn;komputer-aksesoris;10RB+ Terjual;-45%;true;true
Case Magsafe Black Edition Matte IPHONE X XS MAX XR 11 12 13 14 15 PRO MAX 14+ 15+ PLUS Magnetic Case Clear Matte Hybrid Bumper Casing;32.999;https://down-id.img.susercontent.com/file/id-11134207-7r990-ln86auir5s5d26_tn;komputer-aksesoris;2,8RB Terjual;-40%;true;true
KABEL GAMERS HC-16 kabel data Super Fast Charging Model Putar/Rotasi 120W 6A Micro/Type C/Lightning;14.450;https://down-id.img.susercontent.com/file/sg-11134201-7rbmk-lloj61h04zllaf_tn;komputer-aksesoris;9,6RB Terjual;-64%;true;true
Gratis Ongkir - Ki5780 Kipas Angin Genggam Mini Portable Bentuk Buah / Mini Fan / Kipas Lipat Portable  / Kipas Angin Tangan Bahan Silikon;18.200;https://down-id.img.susercontent.com/file/sg-11134201-7qvd5-lftixe96ab5xd3_tn;komputer-aksesoris;10RB+ Terjual;-46%;true;true
Kipas Angin Mini Portable Recharge / Mini Fans Exquisite Fahion/ The Roku Mini Fan;55.000;https://down-id.img.susercontent.com/file/ff8eb911ff1808a3fe0afbb6527a4694_tn;komputer-aksesoris;10RB+ Terjual;-7%;true;true
KUKE Kipas Angin Portable Tangan Stand Meja SX115 / Kipas Tangan Karakter / Kipas Stand Mini Portable;18.688;https://down-id.img.susercontent.com/file/id-11134207-7r990-lmtuyi7z18rlb3_tn;komputer-aksesoris;6,3RB Terjual;-47%;true;true
ANK Handsfree U19 Macaron / Earphone Macaroon Matte Colow Hifi Extra Bass;3.450;https://down-id.img.susercontent.com/file/d4f9e1653219f727c60edfd90ab529f6_tn;komputer-aksesoris;10RB+ Terjual;>80% off;true;true
[COD]Pro6 TWS Headset Bluetooth Mini Portable Long Battery Life pro6 TWS Bass HiFi Stereo Sound Earphone Wireless Waterproof Headphone Henset Bloetooth Android with Microphone Sport Handset Hedset Handsfree;42.990;https://down-id.img.susercontent.com/file/id-11134207-7r990-lm5wfwkpm3d845_tn;komputer-aksesoris;5RB Terjual;-69%;true;true
MIINII Speaker Bluetooth G2 Portable Mini Bluetooth Wireless;19.850;https://down-id.img.susercontent.com/file/e48e8bd5d8b2f5a801d234224dfc996a_tn;komputer-aksesoris;10RB+ Terjual;-52%;true;true
[CH] HEADSET BLUETOOTH INPODS WIRELESS i12 MACARON EARPHONE TWS BLUETOOTH 5.0 WARNA MACARON;32.000;https://down-id.img.susercontent.com/file/id-11134207-7r991-ll39h0nat48s8a_tn;komputer-aksesoris;2,4RB Terjual;-68%;true;true
HEADSET BLUETOOTH INPODS WIRELESS i12 MACARON EARPHONE TWS BLUETOOTH 5.0 WARNA MACARON;32.000;https://down-id.img.susercontent.com/file/id-11134207-7qukz-li3w6nmea2ukf5_tn;komputer-aksesoris;10RB+ Terjual;-54%;true;true
[TPC] Luxury CASE Ins Dazzle WAVE Hologram Color Case Kompatibel Untuk Iphone 7 8 PLUS X XR XS MAX 11 12 PRO MAX - IP099;13.930;https://down-id.img.susercontent.com/file/id-11134207-7qul7-lj7yyy6obv1pe1_tn;komputer-aksesoris;10RB+ Terjual;-23%;true;true
ULTRA PLATED MAGSAFE WITH LENSPRO ELECTRO METALIC Case iPhone 15 14 13 12 11 PRO MAX iPhone 14 PLUS;19.800;https://down-id.img.susercontent.com/file/sg-11134201-22120-8skpdu69yvkvf3_tn;komputer-aksesoris;10RB+ Terjual;-10%;true;true
Mini Fan Neck Elektrik / Kipas Angin Gantung Leher Portable USB LegendTime;39.999;https://down-id.img.susercontent.com/file/id-11134211-7qul7-ljzhmd9ky7i761_tn;komputer-aksesoris;4,8RB Terjual;-60%;true;true
Headset  Bluetooth i12 earphone  bluetooth 5.0  Wireless android / ios Macaron  pro4;27.900;https://down-id.img.susercontent.com/file/6478dc0cce48428cfacb1c08dc3be568_tn;komputer-aksesoris;10RB+ Terjual;-25%;true;true
Kabel Data Charger 120W Fast Charging 6A USB Micro / Type C Gaming Cable Super Silicon;8.500;https://down-id.img.susercontent.com/file/id-11134207-7r98o-lmsfscv6j5ak25_tn;komputer-aksesoris;4,5RB Terjual;-55%;true;true
?BUY 2 GET 3? PRIVACY MATTE/ CLEAR GLOSSY / PRIVACY GLOSSY - Auto Align Tech Gorilla Glass Tempered Glass Screen Protector Anti Gores Screen Guard for iPhone 6 7 8 SE 7+ 8+ X XS XR XSMAX 11 12 13 14 15 MINI PRO PROMAX PLUS;89.000;https://down-id.img.susercontent.com/file/id-11134207-7r98w-loaqcqqr6nmsf2_tn;komputer-aksesoris;10RB+ Terjual;-26%;true;true
Jovitech Speaker Bluetooth 5.0 Ahame LED Display Ultra Bass - S10;65.900;https://down-id.img.susercontent.com/file/id-11134207-7r98r-loqb6yrt5ecwdd_tn;komputer-aksesoris;10RB+ Terjual;-63%;true;true
S-288 Speaker Bluetooth Portable Free Mic Karaoke;41.712;https://down-id.img.susercontent.com/file/abcbf4b56d6adcf3f9656439459dddcc_tn;komputer-aksesoris;8,6RB Terjual;-45%;true;true
[TPC] IPHONE Casing Ponsel Kartun LOTSO Pink Bear Cute for Iphone7 8 Plus X XR XS MAX 11 12 13 14 Pro MAX Plus - IP104;19.999;https://down-id.img.susercontent.com/file/id-11134207-7qul0-lk4rp65syii211_tn;komputer-aksesoris;7,8RB Terjual;;true;true
ARMOUR MILITARY HARDCASE COMPATIBLE FOR SAMSUNG A24 A54 A72 A34 A52 A52S 4G 5G A32 4G A33 A53 A73 5G A23 4G A23 5G A72 CASING SPACE GEN 2 CRYSTAL CLEAR CHROME METALIC;38.000;https://down-id.img.susercontent.com/file/d76edfd5495a340cc3ba5c85e83e2d0e_tn;komputer-aksesoris;10RB+ Terjual;;true;true
COD - Ki5780 Kipas Angin Genggam Mini Portable Bentuk Buah / Kipas Angin Tangan Bahan Silikon / Mini Fan / Kipas Lipat Portable;18.200;https://down-id.img.susercontent.com/file/id-11134207-7qul4-lgbott34u7ri80_tn;komputer-aksesoris;10RB+ Terjual;-46%;true;true
I13 Pro TWS Headset Bluetooth Bass 9D HiFi Stereo Sound Earphone Wireless Waterproof Headphone Henset Bloetooth with Microphone Sport;36.500;https://down-id.img.susercontent.com/file/id-11134207-7qul8-li3x6nnpvrosd8_tn;komputer-aksesoris;4,6RB Terjual;-69%;true;true
Cocok Untuk iPhone 7 8 6 6 S Plus mini Case  11 13 12 14 15 Pro MAX XR XS MAX 7Plus 8Plus SE 2023 iPhone She Can Casing Silikon Tahan Benturan;9.500;https://down-id.img.susercontent.com/file/id-11134207-7r98u-lmk3dsffs1vy82_tn;komputer-aksesoris;5,8RB Terjual;-50%;true;true
Phone Strap/ Strap Hp/ Gantungan HP Aesthetic/ Gantungan HP Kekinian;4.950;https://down-id.img.susercontent.com/file/id-11134207-7r98y-lnbcbx19chnfab_tn;komputer-aksesoris;4,1RB Terjual;-45%;true;true
New! Silver Logo Case - Case for iPhone 11 12 13 14 PRO MAX 7 8 SE2020 7+ 8+ X XS XR XSMAX;14.800;https://down-id.img.susercontent.com/file/id-11134207-7r98v-lmaajmeujq9701_tn;komputer-aksesoris;8,6RB Terjual;-63%;true;true
ANK Tongsis Tripod Bluetooth 4in1 Selfie Stick Remote Action Cam macaron R1;12.999;https://down-id.img.susercontent.com/file/4cec5f23f67932d7fb7ab9708ab5e6de_tn;komputer-aksesoris;10RB+ Terjual;>80% off;true;true
Charger Iph 20W Fast Charger Adaptor Kabel USB C To Lightning Charger Ip X XR 12 13 14;36.200;https://down-id.img.susercontent.com/file/sg-11134201-7rbnc-lnsb60nes1lq99_tn;komputer-aksesoris;4,5RB Terjual;-62%;true;true
EASY INSTALL Tempered glass iPhone 11 pro max 12 PRO MAX 13 PRO MAX 14 MINI 15 XR X XS MAX ANTI SPY ANTI GORES KACA INTIP KEPO BENING FULL LAYAR SCREEN GUARD SUPERFIT KRAKEN;15.000;https://down-id.img.susercontent.com/file/id-11134207-7qul8-lg7hx37ddxama9_tn;komputer-aksesoris;10RB+ Terjual;-79%;true;true
JEREMYSHOP777 - Speaker Bluetooth KIMISO/BRAIN POWER MKC-999 FREE 1 MICROPHONE KABEL;175.000;https://down-id.img.susercontent.com/file/id-11134207-7r98x-lmn62wop1zm613_tn;komputer-aksesoris;1,5RB Terjual;-65%;true;true
KIPAS ANGIN GENGGAM PORTABLE-Hand Mini Fan Rechargeable?MrLion?;17.555;https://down-id.img.susercontent.com/file/id-11134207-7qukz-lf9t7kh93g5je6_tn;komputer-aksesoris;5,4RB Terjual;;true;true
I13 Pro TWS Headset Bluetooth Bass 9D HiFi Stereo Sound Earphone Wireless Waterproof Headphone Henset Bloetooth with Microphone Sport;38.500;https://down-id.img.susercontent.com/file/id-11134207-7qul5-li3xs5czb8bx5c_tn;komputer-aksesoris;10RB+ Terjual;-68%;true;true
Powerbank 20000 mAh mini size with 4 usb fast charging Lightweight LED Senter Display power bank;69.000;https://down-id.img.susercontent.com/file/id-11134207-7r98o-ll0gstgruuzk39_tn;komputer-aksesoris;6,5RB Terjual;-56%;true;true
Pro 4 Headset Bluetooth TWS with Mic Smart Touch Control Earphone Bluetooth HiFi Stereo Handset Wireless Earbuds Olahraga Tahan Air;45.000;https://down-id.img.susercontent.com/file/id-11134207-7r992-ll8wrts2a6vr98_tn;komputer-aksesoris;3,6RB Terjual;-78%;true;true
?HOT? Kawaii Spiegel Mirror Case;69.300;https://down-id.img.susercontent.com/file/id-11134207-7qul3-lh6yo0tijtss4b_tn;komputer-aksesoris;4,7RB Terjual;-30%;true;true
Gantungan HP lucu / Lanyard for phone / Bracelet lanyard / tali hp estetik / tali hp lucu / Strap hp gelang / Gantungan hp karakter/ pengait HP / tali hp karakter clay resin;7.238;https://down-id.img.susercontent.com/file/id-11134207-7r98o-lkty6s10s9ai46_tn;komputer-aksesoris;8,7RB Terjual;-6%;true;true
"Official Xiaomi Redmi A2 Total RAM hingga 5GB 8MP AI Dual Kamera Layar HD+ 6,52"" 5000mAh";899.000;https://down-id.img.susercontent.com/file/id-11134201-7r991-lopps921j0o37a_tn;komputer-aksesoris;10RB+ Terjual;-22%;true;true
KIPAS ANGIN PORTABLE MINI FAN SANDARAN HP / KIPAS GENGGAM / MINI FAN USB CHARGE;20.500;https://down-id.img.susercontent.com/file/id-11134207-7qul5-ljie64qfsc0ffe_tn;komputer-aksesoris;8,2RB Terjual;;true;true
HEADSET BLUETOOTH INPODS WIRELESS i12 MACARON EARPHONE TWS BLUETOOTH 5.0 WARNA MACARON;32.500;https://down-id.img.susercontent.com/file/id-11134207-7qul3-li3wh69eaz8s86_tn;komputer-aksesoris;9,9RB Terjual;-53%;true;true
Kipas kecil karakter / Kipas genggam elegan / Mini fan / recharger portabel, tahan lama dan berkualitas;19.500;https://down-id.img.susercontent.com/file/id-11134207-7r98w-lmo7aed2pcwc41_tn;komputer-aksesoris;10RB+ Terjual;-57%;true;true
Crystal Anti Yellow Clear Case Iphone 7 8 7+ 8+ se2 se3 X XR Xs max 11 12 13 14 15 pro max 14 15 plus 12 13 mini Case Cover Casing;36.500;https://down-id.img.susercontent.com/file/id-11134207-7r98t-lm7bf9stkej0c9_tn;komputer-aksesoris;4,3RB Terjual;;true;true
Mirror Design 3 Motif Full Lenscover Case for iPhone XR X XS MAX 11 12 13 14 15 Plus Pro Max;26.000;https://down-id.img.susercontent.com/file/id-11134207-7r98u-low90w2dq1rn77_tn;komputer-aksesoris;3RB Terjual;-48%;true;true
CASE CURLY VIVO Y36 Y01 Y02 Y12 Y15 Y17  Y27S Y15S Y12S Y16 y51 Y20S Y20 Y21 Y17S Y21S Y21A Y33 Y33S Y33T Y22 Y27 Y36 Y75 T1 Y91C Y91 Y93 Y95;9.999;https://down-id.img.susercontent.com/file/id-11134207-7qul3-lkj43oacm7cmc8_tn;komputer-aksesoris;9,8RB Terjual;;true;true
[1000gr] T360 | TRIPOD MIXIO Ring Light  26CM 2.1M / Alat bantu Selfie 1SET;52.500;https://down-id.img.susercontent.com/file/fb3182d881ba58c5d6456750c651de9f_tn;komputer-aksesoris;10RB+ Terjual;-6%;true;true
M10 plus powerbank 3500mAh Earphone Headset Wireless Bluetooth Full Bass Stereo 3500mah Power Bank;31.900;https://down-id.img.susercontent.com/file/id-11134201-23030-306nkb681gov29_tn;komputer-aksesoris;10RB+ Terjual;;true;true
STAND HP ADJUSTABLE UNIVERSAL / HOLDER MEJA / HOLDER STAND LIVE  / STAND HP ROTARI 360 STAND HP HD25 / STAND HD25;5.600;https://down-id.img.susercontent.com/file/01f0f1b867abf39e7ae5006ac703fe44_tn;komputer-aksesoris;10RB+ Terjual;;true;true
Tempered Glass Ultra Fit Superfit Screen Protector for iPhone 7 8 SE 7+ 8+ X XR XS 11 12 13 14+ 15+ MINI PRO MAX;27.900;https://down-id.img.susercontent.com/file/id-11134207-7qul2-lgd5tspeqy9n22_tn;komputer-aksesoris;10RB+ Terjual;-72%;true;true
Tempered Glass Matte Oppo A18 A17 A16 A16e A3s A1k A31 2020 A5s A7 A17k A11k A12 A15 A15s A5 2020 A9 2020 A16s A16k A71 A37 Neo 9 A83 A57 2022 A57 4g A57 5g A57 lama Oppo A52 A92 A72 Anti Gores Matte Glass Full Layar;7.650;https://down-id.img.susercontent.com/file/sg-11134201-22110-jxmagqybipjv0c_tn;komputer-aksesoris;10RB+ Terjual;-70%;true;true
Kipas Angin Genggam Mini Portable Motif Buah / Kipas Angin Buah Cute Fan USB Charge;19.500;https://down-id.img.susercontent.com/file/sg-11134201-7qvej-lii9sarrbe0xbf_tn;komputer-aksesoris;10RB+ Terjual;-57%;true;true
Kabel 120W 6A Fast Charging Super Charger usb Micro / Tipe C Gaming Cable Data Viral;9.250;https://down-id.img.susercontent.com/file/id-11134207-7qul0-ljl9fxkzvf536b_tn;komputer-aksesoris;10RB+ Terjual;;true;true
Speaker Bluetooth 3381/338 Bonus Mic 6,5Inci/Salon Aktif Portable Radio Fm/Speaker Wireless Led;95.000;https://down-id.img.susercontent.com/file/ba2dd2488b4ad1b6fb7427693a2432fe_tn;komputer-aksesoris;10RB+ Terjual;-52%;true;true
Pro Silicone Magsafe Case for iPhone XR X XS MAX 11 12 13 14+ 14 Plus Pro Max;26.000;https://down-id.img.susercontent.com/file/sg-11134201-22120-famv1hel0ukv33_tn;komputer-aksesoris;10RB+ Terjual;-48%;true;true
CASE ELECTROPLATING METALIC MAGSAFE IPHONE 11 12 13 14 15 PRO MAX PLUS LENS GUARD PROTECTOR FULL COVER;18.000;https://down-id.img.susercontent.com/file/sg-11134201-22120-frs5vcv9wvkv33_tn;komputer-aksesoris;10RB+ Terjual;;true;true
Case ORI 100% Magsafe Matte Black Edition For IPHONE X XR XS MAX 15 14 15+ 14+ 14 12 11 PRO MAX PLUS Magnetic Hybrid Dove Hardcase Bumper;31.800;https://down-id.img.susercontent.com/file/id-11134207-7r98v-lmrptya6dabw8c_tn;komputer-aksesoris;3,4RB Terjual;-47%;true;true
KIPAS ANGIN MINI/PORTABLE/GENGAM + ADA TEMPAT HP HARGA MURAH BISA COD RUSA KUCING;17.999;https://down-id.img.susercontent.com/file/sg-11134201-22100-39sy770614hv48_tn;komputer-aksesoris;10RB+ Terjual;-35%;true;true
MINI FAN USB+LAMPU LED KIPAS MINI KARAKTER LUCU VANSTAR V55;19.000;https://down-id.img.susercontent.com/file/id-11134207-7r98s-lo6hxkkep4hvbd_tn;komputer-aksesoris;10RB+ Terjual;;true;true
New! Glossy Dazzle Wave Case - Softcase Fullcover For iPhone 6 7 8 SE2020 6+ 7+ 8+ X XS XR XSMAX 11 11PRO 11PROMAX 12 13 MINI 14 PLUS PRO PROMAX;14.000;https://down-id.img.susercontent.com/file/id-11134207-7r98t-llg9q0h0nck777_tn;komputer-aksesoris;10RB+ Terjual;-65%;true;true
Matte Glass 9H Anti Glare IPhone 15 / 15pro / 15plus / 15promax / X / XS / XS Max / XR / 11 / 11 pro / 11 pro max / 12 / 12 pro / 12 pro max / 12 mini / 13 / 13 pro / 13 pro max 13mini 14 14pro 14plus 14max 14promax  Tempered Glass Full Layar/Anti Minyak;8.730;https://down-id.img.susercontent.com/file/2d2b6dc4705ae44781d30864b95d1268_tn;komputer-aksesoris;10RB+ Terjual;>80% off;true;true
Kipas Genggam Angin Mini Karakter Fan Lucu Handheld USB Rechargeable Portable;19.900;https://down-id.img.susercontent.com/file/sg-11134201-7rbme-lopphah8y0hf4e_tn;komputer-aksesoris;10RB+ Terjual;-50%;true;true
New! 4D Fluffy Case - Softcase Fullcover For iPhone 7 8 SE2020 X XS XR XSMAX 11 11PRO 11PROMAX 12 13 MINI 14 PLUS PRO PROMAX;9.800;https://down-id.img.susercontent.com/file/id-11134207-7qukw-lifmj2v271m5d0_tn;komputer-aksesoris;10RB+ Terjual;-72%;true;true
BETA0909 HEADSET BLUETOOTH INPODS WIRELESS i12 MACARON EARPHONE TWS BLUETOOTH 5.0 WARNA MACARON;32.000;https://down-id.img.susercontent.com/file/id-11134207-7r98o-ll399xl6ep4b1c_tn;komputer-aksesoris;9,7RB Terjual;-68%;true;true
TEMPERED GLASS SUPERFIT PEMASANGAN GAMPANG TANPA GAGAL COVER PASTE CLEAR/ANTI SPY PRIVASI IPHONE 15/15 PRO/15 PRO MAX/15 PLUS/14/14 PLUS/14 PRO/14 PRO MAX/X/XS/XR/XS MAX/11/11 PRO/11 PRO MAX/12 MINI/12/12 PRO/12 PRO MAX/13 MINI/13/13 PRO/13 PRO MAX;14.000;https://down-id.img.susercontent.com/file/8ecd97027c9015380cab638f0c56bb59_tn;komputer-aksesoris;10RB+ Terjual;;true;true
Kipas Angin Fan Mini Portable Genggam USB Hiasan Meja Warna Lucu;18.900;https://down-id.img.susercontent.com/file/sg-11134201-7rbmh-lnsxpk8parhke0_tn;komputer-aksesoris;10RB+ Terjual;-69%;true;true
i7s Earphone Headset Bluetooh i7S tws ori 99 pair 1 1 - putih Semua Hp Bisa Android;31.000;https://down-id.img.susercontent.com/file/id-11134207-23020-1wbplm0ov3nv18_tn;komputer-aksesoris;8,8RB Terjual;;true;true
S-288 Speaker Bluetooth Portable Free Mic Karaoke;42.500;https://down-id.img.susercontent.com/file/2b17991a0bdebdec52b2d4b401431360_tn;komputer-aksesoris;10RB+ Terjual;-15%;true;true
ANG Tongsis Tripod Bluetooth 4in1 Selfie Stick Remote Action Cam macaron R1;12.999;https://down-id.img.susercontent.com/file/d10659def51ba955b6b941031ba970ca_tn;komputer-aksesoris;10RB+ Terjual;>80% off;true;true
EASY INSTALL Tempered glass iPhone 11 pro max 12 PRO MAX 13 PRO MAX 14 MINI 15 XR X XS MAX ANTI SPY ANTI GORES KACA INTIP KEPO BENING FULL LAYAR SCREEN GUARD SUPERFIT KRAKEN;15.000;https://down-id.img.susercontent.com/file/id-11134207-7qul8-lg7hx37ddxama9_tn;komputer-aksesoris;10RB+ Terjual;-79%;true;true
M10 plus TWS Bluetooth 5.1 Earphone HiFi Stereo Noise-canceling Sports Wireless powerbank 3500mAh;31.800;https://down-id.img.susercontent.com/file/id-11134201-23030-gttr39581gov2a_tn;komputer-aksesoris;10RB+ Terjual;;true;true
Anti Spy Ceramic Matte  Spy Iphone 6/6+/6s/6s+/7/8/7+/8+/X/Xr/Xs/Xs Max/11/11pro/11 pro max/12pro/12 Pro max anti gores spy IP 13/IP 13 PRO /IP 13 PROMAX /IP 13 MINI/14/14 plus/14 pro/14 promax/15/Plus/Pro Max;3.920;https://down-id.img.susercontent.com/file/8254ec7e7282b75c98a231b26642ddcc_tn;komputer-aksesoris;10RB+ Terjual;-44%;true;true
HEADPHONE BLUETOOTH HEADSET WIRELESS MACARON Y08 STEREO HEADPHONE;27.000;https://down-id.img.susercontent.com/file/id-11134207-7qul5-lka1r4hbh589bf_tn;komputer-aksesoris;8,3RB Terjual;;true;true
New! Deep Protection Silicone Case  - Fullcover Softcase for iPhone 15 15pro 15promax 15plus 7+ 8+ 11 11PRO 11PROMAX 12 13 MINI PRO PROMAX XR XSMAX;15.750;https://down-id.img.susercontent.com/file/id-11134207-7r992-lnv0mf9wj7uvfd_tn;komputer-aksesoris;3,4RB Terjual;-65%;true;true
Official Xiaomi Redmi 12 (8GB/128GB) | (8GB/256GB) MediaTek Helio G88 5000 mAh 18W 90Hz FHD+ 50MP Triple Kamera AI;1.999.000;https://down-id.img.susercontent.com/file/id-11134201-7r98x-lntq8dbxd6yk41_tn;komputer-aksesoris;10RB+ Terjual;;true;true
[NEW!] itel A70 ROM 128/256GB - 13MP Super HDR Camera - Big Screen with Dynamic Bar - 5000mAh Big Battery - Octa-Core Processor;999.000;https://down-id.img.susercontent.com/file/id-11134207-7r98o-lnrgnqly9jnef1_tn;komputer-aksesoris;10RB+ Terjual;-23%;true;true
?COD?M10 TWS Headphone  Wireless  Bluetooth 5.3 In Ear low-latency Earphone  Mikrofon Stereo Calling With 3500mAh  Powerbank - EP18;39.500;https://down-id.img.susercontent.com/file/id-11134207-7r98u-lowh3ymbtny257_tn;komputer-aksesoris;10RB+ Terjual;-80%;true;true
MicroSD 4GB 8GB 16GB 32GB 64GB 128GB 256GB Class 10 V-GeN Turbo 100MBps Memory Card Micro SD Original;108.000;https://down-id.img.susercontent.com/file/sg-11134201-22090-ay1egyiecqhv6e_tn;komputer-aksesoris;10RB+ Terjual;;true;true
Softcase Girls Powers + Pop Socket Fullcover for iPhone X XS XR XSMAX 11 12 13 14 15 Plus Pro Max;22.500;https://down-id.img.susercontent.com/file/id-11134207-7r990-lnqpumhfxg1zcf_tn;komputer-aksesoris;3RB Terjual;-55%;true;true
Jovitech EP28 Original Wireless Ear Clip Earphone Bluetooth 5.3 TWS Ear Clip Headset Design Touch Sports Digital Display Headhone;139.900;https://down-id.img.susercontent.com/file/id-11134207-7r98o-lkzh8efi33i700_tn;komputer-aksesoris;5,4RB Terjual;-65%;true;true
[AK ACC] PHONE HOLDER STANDING MEJA HD25 / HOLDER TATAKAN HP DI MEJA UNIVERSAL FLEXIBEL 360Derajat;4.999;https://down-id.img.susercontent.com/file/64b9f73f27494c72d2bd7363420cc20a_tn;komputer-aksesoris;10RB+ Terjual;-58%;true;true
Pro 6 TWS Bluetooth Earphone Android with Mic HiFi Stereo Touch Earbuds Bluetooth Headset Bass Sport Waterproof Hedset Bloetooth Henset Bluetooth Handset Wireless Earphone;41.800;https://down-id.img.susercontent.com/file/id-11134207-7qukw-lglnsnbiebufe3_tn;komputer-aksesoris;10RB+ Terjual;-72%;true;true
Headset Music Angel Macaron Super Extra Bass Handsfree Earphone;4.350;https://down-id.img.susercontent.com/file/eb69c8f1563611ce9cbbd6fa613ebca3_tn;komputer-aksesoris;10RB+ Terjual;-17%;true;true
BAHAN TEBAL 1.4 METER / TERMURAH DI SHOPEE HARGA PABRIK / Pelilit Kabel Spiral Warna Metalic / Pelindung Cable Hp Charger Universal / Cord Protector Color;4.500;https://down-id.img.susercontent.com/file/8579c3af2b702faeedcf4f7d14d0d089_tn;komputer-aksesoris;10RB+ Terjual;-31%;true;true
?NEW? Happy Lovely Mirror Case/ Case Cermin - Casing HP/ Hardcase for iPhone 11 12 13 14 15 PRO PROMAX;44.500;https://down-id.img.susercontent.com/file/id-11134207-7r98w-lnhykkoozire07_tn;komputer-aksesoris;5,9RB Terjual;-70%;true;true
TRIPODPEDIA HOLDER HP MOTOR KACA SPION BAHAN BESI C-2 / C2 Stand Holder Hp Motor Besi;14.999;https://down-id.img.susercontent.com/file/sg-11134201-7rblt-lmiqjv5fvvabd5_tn;komputer-aksesoris;5,7RB Terjual;-78%;true;true
CASE Cocok Untuk iPhone 7 8 6 6 S Plus 11 13 12 mini 14 15 Pro MAX XR XS MAX 7Plus 8Plus SE 2032 iPhone 3D Lotso Glasses Casing Silikon Tahan Benturan;10.999;https://down-id.img.susercontent.com/file/id-11134207-7r98z-lnutbtoumraya4_tn;komputer-aksesoris;2,9RB Terjual;-56%;true;true
KABEL USB C TO IP + ADAPTOR 20 W (1 PAKET) 20 W FAST CHARGING - CHARGER IP - KABEL DATA IP - CAS IP - KABEL CHARGER IP - KABEL CASAN IP FAST CHARGING - ADAPTER IP - ADAPTOR IP - KABEL IP - KEPALA IP - KABEL DATA IP;99.000;https://down-id.img.susercontent.com/file/id-11134207-7quky-lgmme1imxty2be_tn;komputer-aksesoris;10RB+ Terjual;-57%;true;true
GROTIC Kabel Data Type-C to Lightning Fast Charging 1M TPE Kabel untuk iPhone iPad iPod 20W;33.000;https://down-id.img.susercontent.com/file/id-11134201-23030-e4s9wsby0xov96_tn;komputer-aksesoris;10RB+ Terjual;-67%;true;true
Premium Silicone Case iPhone 11 / Case iPhone XR / Case iPhone 7 Plus / Case iPhone 11 Pro Max / Case iPhone X / Case iPhone Xs Max / Case iPhone 6 / Case iPhone 6s Plus / Case iPhone Xs Max / Case iPhone 8 Plus;36.580;https://down-id.img.susercontent.com/file/888e11bee82e0c345a62f57f71852a7b_tn;komputer-aksesoris;10RB+ Terjual;-38%;true;true
Goojodoq Kipas Angin Mini 3000mAh 5-Speed Wind Kipas Genggam Portabel Karakter LED Display Portable Handheld Fan Aromaterapi kipas mini;61.900;https://down-id.img.susercontent.com/file/sg-11134201-22110-gmj0e1qtlfkvd2_tn;komputer-aksesoris;10RB+ Terjual;-73%;true;true
Kipas Angin Mini Genggam Cute / Kipas Portable;20.999;https://down-id.img.susercontent.com/file/id-11134207-7r98z-loowr3dwaph728_tn;komputer-aksesoris;10RB+ Terjual;-53%;true;true
isi 20 Perapih Cable Clip Klem Kabel Tempel klip USB Charger lem 3m;3.859;https://down-id.img.susercontent.com/file/4799532ab6a2d48c6092359566e62d89_tn;komputer-aksesoris;10RB+ Terjual;;true;true
Headset Bluetooth i12 TWS Macaron Earbuds Bluetooth Earphone 5.0 ios Android;36.500;https://down-id.img.susercontent.com/file/771d0760ed9edd14ce0c3ae6a74973b6_tn;komputer-aksesoris;10RB+ Terjual;;true;true
MIXIO A61L 170CM Tongsis Tripod Bluetooth Remote Selfie Stick Hand stabilizer Aluminium untuk Hp Kamera DSLR tongsis 4in1;185.000;https://down-id.img.susercontent.com/file/id-11134207-7r98z-lm7pizawytu6ca_tn;komputer-aksesoris;3,4RB Terjual;-62%;true;true
Powerpuff Girls Case Hologram Softcase iPhone 6 7 8 X XS MAX XR 11 12 13 14 PRO MAX;22.500;https://down-id.img.susercontent.com/file/id-11134207-7r98z-ln9nbw6bhk3dc2_tn;komputer-aksesoris;5,8RB Terjual;-50%;true;true
PEARL BLACK PINK CASE iPhone Sosftcase 7 8 Plus X XS MAX XR 11 12 13 14 PRO MAX PLUS;14.400;https://down-id.img.susercontent.com/file/id-11134207-7r98r-ln9nxwv9h70v08_tn;komputer-aksesoris;9,1RB Terjual;-68%;true;true
Tali Lanyard Manikmanik Akrilik Motif Smiley Face Gaya Bohemia Untuk Handphone;12.000;https://down-id.img.susercontent.com/file/9df5244f5c75f828580121b4eba98849_tn;komputer-aksesoris;10RB+ Terjual;;true;true
TWS Pro 4 Headset Bluetooth Olahraga Tahan Air Wireless Earphone Bluetooth Fidelitas Tinggi Handset Bluetooth Sentuhan Cerdas Henset Bloetooth;53.000;https://down-id.img.susercontent.com/file/id-11134207-7quky-lir7og4sjfu4df_tn;komputer-aksesoris;10RB+ Terjual;>80% off;true;true
PUSAT17 HEADSET MACARON U19 / HANDSFREE U19 MACARON HIFI EXTRA BASS MATTE COLOURFULL EARPHONE MACARON U19 JACK 3.5MM MIC / HEADSET U19 SUPER BASS;3.600;https://down-id.img.susercontent.com/file/sg-11134201-22100-afzh2mspiuiv49_tn;komputer-aksesoris;10RB+ Terjual;;true;true
Anti Gores spy privacy Vivo V9 V27E T1 5G V7 V11 Pro  Y71 Y81 Y22 2022 Y35 2022 Y16 2022 V5 Y53 2017 Y12 Y15 Y17 Y12s Y21s Y15s Y30 Y50 Y75 Y91 Y93 Y95 Y91c Y1s Y21 Y33s Y21A Y51A V20 SE V15 V15 ProV21 Y53s Tempered Glass Full Ceramic Matte Anti Spy;3.600;https://down-id.img.susercontent.com/file/65f5a5928f1a85dc3b7ebf58fa700e97_tn;komputer-aksesoris;10RB+ Terjual;-55%;true;true
PAKET SUBSIDI SUPER HEMAT GILA Smart Watch DV8 Ultra + headset + Tali Rubber;151.500;https://down-id.img.susercontent.com/file/id-11134207-7r990-lmg5a8m97dwkf8_tn;komputer-aksesoris;5,6RB Terjual;-31%;true;true
new! POP HYBRID - Softcase for iPhone 7plus 8plus X XS XR XSMAX 11 11PRO 11PROMAX 12 13 PRO PROMAX 14 14PLUS 14PRO 14PROMAX;14.850;https://down-id.img.susercontent.com/file/bc09fdb4c98f637857e4bc1c02978838_tn;komputer-aksesoris;10RB+ Terjual;-67%;true;true
READY Pro 4 Headset Bluetooth TWS with Mic Smart Touch Control Earphone Bluetooth HiFi Stereo Handset Wireless Earbuds Olahraga Tahan Air;44.500;https://down-id.img.susercontent.com/file/id-11134207-7r98q-ll8wrts235ok83_tn;komputer-aksesoris;9RB Terjual;-78%;true;true
[200gr] T768 | Tongsis Tripod R1 + Bluetooth Remote Shutter ( 3in1 ) / Tripod Mini + Tongkat Narsis Monopod + Remot Wireless Blutut / Mini Selfie Stick 360° Penyangga Handphone Kamera Untuk Travelling Aksesoris Fotografi Mobile;16.250;https://down-id.img.susercontent.com/file/id-11134207-23010-fh523nyta0lv11_tn;komputer-aksesoris;10RB+ Terjual;-21%;true;true
Kabel Data USB Micro/USB Type c/ USB Lightning 120W Super Fast Charging Cable Durable Silicone Kuat Tahan Lama;10.000;https://down-id.img.susercontent.com/file/id-11134207-7qul2-lgutytuiv4c31f_tn;komputer-aksesoris;10RB+ Terjual;>80% off;true;true
1 Set 4 item Pelindung Kabel Charger Kabel Data Kawat Kabel Data HP Untuk Iphone Samsung Xiaomi Oppo Huawei Android Universal Motif Kartun Lucu;15.800;https://down-id.img.susercontent.com/file/id-11134207-7r98p-loqlz1dx1ka3f6_tn;komputer-aksesoris;10RB+ Terjual;-34%;true;true
itel S23 RAM 16GB (8GB+8GB) ROM 128GB/256GB 6,6'' HD 90 Hz + 5000mAh CPU Unisoc Tiger T606 GARANSI RESMI;1.409.000;https://down-id.img.susercontent.com/file/id-11134207-7r98w-loana7x1mw3nae_tn;komputer-aksesoris;10RB+ Terjual;-30%;true;true
Headset Nirkabel Universal i12 TWS INPODS Bluetooth 5.0 Earphone 3D Kartun Lucu HIFI Earbud Stereo;52.800;https://down-id.img.susercontent.com/file/id-11134207-7qul0-li13j6hyrjh736_tn;komputer-aksesoris;10RB+ Terjual;-58%;true;true
Upgrade Baru F9-5 Tampilan LED TWS Headset Bluetooth with Mic Sentuh Olahraga Tahan Air Henset Bloetooth HiFi Stereo Wireless Earphone Bluetooth;31.900;https://down-id.img.susercontent.com/file/b48a85b2f2d4fadae44742c1f84e2726_tn;komputer-aksesoris;10RB+ Terjual;>80% off;true;true
BISA KEDALAMAN 30 METER / BISA SAMPAI 7.2 INCH / SGS PASS / Kantong Casing Anti Air Mobile Phone Waterproof Mobile Phone Pouch Universal Case Bag Tas Anti Air;16.000;https://down-id.img.susercontent.com/file/sg-11134201-22100-mch8il4gq2iv58_tn;komputer-aksesoris;10RB+ Terjual;-36%;true;true
Kipas Angin Genggam Mini Portable Bentuk Buah Bahan Silikon Warna Permen Untuk Outdoor Mini Fan;17.600;https://down-id.img.susercontent.com/file/92a58ec4b6cc1a19fe7815fa8e810214_tn;komputer-aksesoris;10RB+ Terjual;-10%;true;true
"Official Xiaomi Redmi 12C (3GB/32GB) | (4GB/64GB) | (4GB/128GB) MediaTek Helio G85 50MP AI Dual Kamera Layar HD+ 6,71"" 5000mAh";1.099.000;https://down-id.img.susercontent.com/file/id-11134201-7r990-lopps14j4twac5_tn;komputer-aksesoris;10RB+ Terjual;-21%;true;true
HC Phone Holder Stand HP Universal Cermin Lipat Liftable Tablet Mobile Phone Stand Holder Murah;5.755;https://down-id.img.susercontent.com/file/sg-11134201-23030-8si8f5etkbove8_tn;komputer-aksesoris;10RB+ Terjual;>80% off;true;true
(ba) SPY OPPO / TEMPERED GLASS CERAMIC MATTE SPY - OPPO - I;3.400;https://down-id.img.susercontent.com/file/id-11134207-7quky-li22c4pnbmxz4c_tn;komputer-aksesoris;10RB+ Terjual;-46%;true;true
OSM JKT Ki5780 Kipas Angin Genggam Mini Portable Bentuk Buah / Kipas Angin Tangan Bahan Silikon / Mini Fan / Kipas Lipat Portable;18.200;https://down-id.img.susercontent.com/file/id-11134207-7qul2-lftgej7v4omg27_tn;komputer-aksesoris;10RB+ Terjual;-46%;true;true
Kabel Data charger 66W Type C to Lightning Quick Charger Kompatibel untuk ios Ip 13 8 Plus X Xs Xs Max 11 12 Pro Max;29.000;https://down-id.img.susercontent.com/file/a5dca71f4c48b724ab3d99d4b0625bd7_tn;komputer-aksesoris;10RB+ Terjual;>80% off;true;true
TEMPERED GLASS SPY MATTE FILM ALL TYPE ANTI PECAH RETAK MINYAK GORENG HITAM;3.690;https://down-id.img.susercontent.com/file/33e1047178265411ea055beee3c1644b_tn;komputer-aksesoris;10RB+ Terjual;-72%;true;true
Handsfree Headset Earphone Bluetooth TWS V5 Doff Inpods;29.700;https://down-id.img.susercontent.com/file/b0fe718148aa977ba8eb6e7b3401ac0a_tn;komputer-aksesoris;10RB+ Terjual;-80%;true;true
Case Magsafe Black Edition Matte IPHONE 7 7+ 8 8+ PLUS SE 2 X XS MAX XR 11 12 13 14 15 PRO MAX 14+ 15+ PLUS Magnetic Case Clear Matte Hybrid Bumper Casing;33.000;https://down-id.img.susercontent.com/file/id-11134207-7qul3-lk31ilrm4b4334_tn;komputer-aksesoris;8,4RB Terjual;-45%;true;true
SmartWatch Y68 unisex jam Sport Waterproof Bluetooth Fitness Tracker Wristband Pedometer Heart;30.900;https://down-id.img.susercontent.com/file/sg-11134201-22110-z50sqyry21jv85_tn;komputer-aksesoris;10RB+ Terjual;-69%;true;true
Charger SAMSUNG 25 Watt Original 100% Fast Charging USB C to USB C;135.000;https://down-id.img.susercontent.com/file/sg-11134201-23010-zpssfb8yzwlv76_tn;komputer-aksesoris;10RB+ Terjual;-60%;true;true
GUB P30 Original Holder Handphone Dudukan Ponsel Aluminium Aloy;98.000;https://down-id.img.susercontent.com/file/id-11134207-7r98v-llucrl96btafb6_tn;komputer-aksesoris;10RB+ Terjual;-27%;true;true
Jam Tangan Smartwatch i8 Ultra Watch 8 Free 2 Tali+Earphone TWS Fitness Tracker Cewek Cowok;147.500;https://down-id.img.susercontent.com/file/id-11134207-7r98u-lledgd9bn6v8f7_tn;komputer-aksesoris;3,3RB Terjual;-63%;true;true
LEM LCD T7000 - LEM TOUCHSCREEN T-7000 / LEM CASING / LEM HP 15ML CAIRAN HITAM;6.999;https://down-id.img.susercontent.com/file/sg-11134201-23010-kmpn7o9jfgmv0c_tn;komputer-aksesoris;10RB+ Terjual;;true;true
Tempered Ceramic Matte Privacy | Anti Spy All Type OPPO;5.500;https://down-id.img.susercontent.com/file/id-11134207-7r98t-lld71jtcvj9o7e_tn;komputer-aksesoris;10RB+ Terjual;;true;true
#M0P Casing Procamera Couple Ugly Cute For Op-Vi-Red-Rel-Inf-Ip-Itl-Tec-Sam (ListTypeDiSlideGambar);14.750;https://down-id.img.susercontent.com/file/id-11134207-7r98q-lmyeoxyach0f48_tn;komputer-aksesoris;5,3RB Terjual;-41%;true;true
Silicone Round Case for iPhone 7 8 PLUS XR X XS 11 12 13 14 Plus Pro Max;9.000;https://down-id.img.susercontent.com/file/id-11134201-23030-3omvpyqqivovad_tn;komputer-aksesoris;10RB+ Terjual;>80% off;true;true
LENYES S220 Speaker Bluetooth RGB 5.3 TWS BASS STEREO Sound speaker portable;159.900;https://down-id.img.susercontent.com/file/id-11134207-7r992-lmeinqfeed2s4a_tn;komputer-aksesoris;5,1RB Terjual;-73%;true;true
Goto Windy Kipas Angin Kecil Mini Fan Genggam Tangan Portable USB;29.900;https://down-id.img.susercontent.com/file/e3880bf27bda633eae69b831e4e4bb2a_tn;komputer-aksesoris;10RB+ Terjual;-70%;true;true
HOT Casing lunak ponsel huruf sederhana kreatif tiga dimensi 3D cangkang mutiara laser mewah cocok untuk Iphone 6/7/8 6+/7+/8+ X/XS XR Xs Max 11 11 Pro 11 Pro Max 12/12 Pro 12 Pro Max 12 Mini/13Mini 13/14 13 Pro 13 Pro Max 14 Pro 14 Pro Max CASE;17.400;https://down-id.img.susercontent.com/file/sg-11134201-7rblv-llyqacumyp6tb5_tn;komputer-aksesoris;2,8RB Terjual;-71%;true;true
(2 Gen) Hard Case Silikon Transparan  Silver Button Untuk compatible for Iphone 13 12 11 Pro Max Xs Max Xr X 7 + 8 Plus;19.500;https://down-id.img.susercontent.com/file/sg-11134201-22100-salravyp0fiv2e_tn;komputer-aksesoris;10RB+ Terjual;-34%;true;true
AMINO Kabel Data 4A Micro USB / 4A TYPE C Fast charging Cable QC 3.0 Quick Charge Ori For xiaomi redmi oppo vivo huawei;13.900;https://down-id.img.susercontent.com/file/id-11134207-7r992-llafk81d7zpg8e_tn;komputer-aksesoris;10RB+ Terjual;-72%;true;true
CASE CURLY FOR OPPO A15 A15S A16 A17 A17K A1K A76 A36 A18 A38  A96 A3S A52 A92 A33 A53 A54 A57 2022 A77S A5S A7 A111K A12 A74 A5 A9 2020 A58 A78;9.999;https://down-id.img.susercontent.com/file/id-11134207-7qul4-lkj43oacm6ui08_tn;komputer-aksesoris;8,8RB Terjual;;true;true
SS837 SOFTCASE GLOSSY KARAKTER LOTSO CUTE FOR VIVO Y27S Y17S V29 S17 Y36 4G Y27 Y36 Y02  Y12 Y15 Y17 Y15S Y01 Y16 Y02S Y20 Y20S Y12S Y21 2021 Y33S Y21S Y21T Y22 Y22S 2022 Y30 Y50 Y35 2022 Y78 Y36 Y91 Y93 Y95 Y91C Y1S V25 V25E V27 PRO S16 V27E S16E PB4470;12.900;https://down-id.img.susercontent.com/file/id-11134207-7qul6-liqukwqe6dzr30_tn;komputer-aksesoris;10RB+ Terjual;;true;true
Clear Case iPhone 11 pro max 6 6S plus 6 Plus 7 7+ Plus 8 Plus 8+ X XR XS Max 12 13 mini 14 plus anti yellow Silikon Transparan Shockproof kuning soft softcase space tpu 2mm Anti Crack Bening;5.999;https://down-id.img.susercontent.com/file/sg-11134201-22110-3139yss9vsjv23_tn;komputer-aksesoris;10RB+ Terjual;-67%;true;true
IPHONE Casing Transparan Bahan Tpu Anti Jatuh Untuk Iphone 11 Pro Max Xr Xs Max 6s 8 7 Plus;14.800;https://down-id.img.susercontent.com/file/258c0e03711d273ce63ec046f62cc0bd_tn;komputer-aksesoris;10RB+ Terjual;;true;true
KIPAS ANGIN MINI GENGGAM Cute / Kipas Lipat PORTABLE / Mini Fan Lucu Mungil Simple;15.700;https://down-id.img.susercontent.com/file/744d728614ff027541642d7f98a6504b_tn;komputer-aksesoris;10RB+ Terjual;-5%;true;true
ROBOT Charger RT-L1 Single Port Quick Charging Original Micro USB Type C Lightning - Garansi 1 Tahun;27.900;https://down-id.img.susercontent.com/file/id-11134207-7r98o-lkkr4m3b9j579b_tn;komputer-aksesoris;10RB+ Terjual;-54%;true;true
NEW! OAK WOOD Case with Lens Protector for iPhone 11 11PRO 11PROMAX X XS XR XSMAX 12 13 MINI PRO PROMAX 14 14PLUS 14PRO 14PROMAX;26.650;https://down-id.img.susercontent.com/file/sg-11134201-23010-xb55x0t7u7lvcd_tn;komputer-aksesoris;10RB+ Terjual;-59%;true;true
LIANGWE PowerBank 60000mAh 4 Port USB Fast Charging;198.550;https://down-id.img.susercontent.com/file/id-11134207-7r98o-lo3umj6328lv3b_tn;komputer-aksesoris;333 Terjual;-5%;true;true
(2) Gantungan HP Estetik/ Tali HP / Strap HP beads / Tali gantungan HP / lanyard for phone / phone bracelet / Gantungan HP gaya korea / gantungan HP jennie BLACKPINK / Tali lanyard kamera / souvenir ulng tahun / souvenir pernikahan;8.272;https://down-id.img.susercontent.com/file/id-11134207-7qul2-livx9a91rq7e02_tn;komputer-aksesoris;10RB+ Terjual;-6%;true;true
Case Airpods/ Casing Silikon Apple Airpods Pro(Premium Silicone Softcase + Free Hook)-Hu;7.699;https://down-id.img.susercontent.com/file/sg-11134201-7rbkr-lleosldffcxg58_tn;komputer-aksesoris;2,1RB Terjual;-75%;true;true
[5 Set] Pelindung Kabel + Adaptor iPhone 20w Premium;35.000;https://down-id.img.susercontent.com/file/id-11134207-7qul0-lkdvpznasv5if8_tn;komputer-aksesoris;6,7RB Terjual;-65%;true;true
HF/Headset BRANDED JB01 Pure Bass HF Music Audio Earphone ? PUTIH;3.300;https://down-id.img.susercontent.com/file/id-11134207-7r98t-lof4x4aojojg68_tn;komputer-aksesoris;10RB+ Terjual;-67%;true;true
ROBOT Airbuds T50S Liquid Silicone Case - Shark/Dinosaur/Cat/Spaceman - Garansi Resmi Supplier 1 tahun;34.900;https://down-id.img.susercontent.com/file/id-11134207-7r98o-lkkroddyojvk93_tn;komputer-aksesoris;10RB+ Terjual;-30%;true;true
BELLA - KIPAS ANGIN PORTABLE GENGGAM RUSA BUAH BUNGA SANRIO / LED HK EMON | ELECTRIC HAND FAN PORTABLE RUSA AWET , LUCU;17.555;https://down-id.img.susercontent.com/file/0d6fe614bf3f3c23632768eed52ec6c8_tn;komputer-aksesoris;10RB+ Terjual;;true;true
Sarung HP Case Kantong Anti Air Waterproof With Strap / Tali Leher MAX 7INCH;3.590;https://down-id.img.susercontent.com/file/6b047e8a4a6d91134e69cf33b927b591_tn;komputer-aksesoris;10RB+ Terjual;-60%;true;true
Acome Speaker Bluetooth 5.0 Portable Ultra Bass TWS Garansi Resmi 1 Tahun A1 SENSE;69.900;https://down-id.img.susercontent.com/file/sg-11134201-22110-08yl037t7xjv19_tn;komputer-aksesoris;10RB+ Terjual;-29%;true;true
GROTIC Headset Bluetooth inpods 12 TWS Macaron Earphone True Wireless Stereo HIFI Sentuh Earbud i12;52.900;https://down-id.img.susercontent.com/file/id-11134207-7qul0-lkg2kla6vmop1f_tn;komputer-aksesoris;10RB+ Terjual;-79%;true;true
KABEL DATA 6A USB TO MICRO / USB TO TYPE C / USB TO LIGHTNING 120W / 120 WATT SUPER FAST CHARGING CABLE;7.750;https://down-id.img.susercontent.com/file/id-11134207-7qul8-lkc2rq8q8n5u1c_tn;komputer-aksesoris;10RB+ Terjual;;true;true
kabel data super fast charging 120W ROTATING micro typec lightning kabel silicon;12.500;https://down-id.img.susercontent.com/file/id-11134207-7r98w-lnjtw1q0h91dbf_tn;komputer-aksesoris;3,2RB Terjual;;true;true
Tongsis Tripod Bluetooth R1 3in1 Remote Action Cam Macaron R1 Tongsis Wireless Tripod Tongsis 4in1 Holder Hape Remote Bluetooth Selfie Stick Alat live Alat Selfi;25.888;https://down-id.img.susercontent.com/file/id-11134207-7qula-liepugfwxe5p7e_tn;komputer-aksesoris;10RB+ Terjual;-40%;true;true
[ TPC ] iPhone Case Soft Case Cool Wave Bumper Casing Phone Case Camera Protection Shockproof For iPhone 7 8 Plus XR 14 13 12 11 Plus Pro Max - IP112;13.990;https://down-id.img.susercontent.com/file/id-11134207-7r992-lla8h0dxugcs5d_tn;komputer-aksesoris;8,1RB Terjual;-18%;true;true
Reseller Welcome - 469 Pop Socket HP 3D Karakter Cartoon / Pop Socket 3D / Aksesoris HP;1.169;https://down-id.img.susercontent.com/file/3b8e1e5c8bda5d21737df1baffbcf91e_tn;komputer-aksesoris;10RB+ Terjual;-17%;true;true
BAHAN DAN POTONGAN LEBIH BAGUS / TSUM TSUM - Cable Bite/ Pelindung Ujung Kabel/ Cable Saver/ Cable Protector non pack;3.000;https://down-id.img.susercontent.com/file/6566830651691fb43f917257eb815930_tn;komputer-aksesoris;10RB+ Terjual;-40%;true;true
U19 Macaron Handsfree | Yi Tai Macaron Earphone Headset Matte Colour Macaron Hifi Bass - SC;3.600;https://down-id.img.susercontent.com/file/id-11134207-7qukx-lfqv2k6jydb0eb_tn;komputer-aksesoris;10RB+ Terjual;;true;true
Travel charger vivo ori 99% 2.A REAL kwalitas bagus usb micro;11.250;https://down-id.img.susercontent.com/file/8d824cd107d2e30a6bea557a49141952_tn;komputer-aksesoris;10RB+ Terjual;-20%;true;true
LCD OPPO A31 2020/A5 2020/A9 2020/REALME C3/5/5I/5S/6S/A11X UNIVERSAL FULLSET TOUCHSCREEN ORI OEM;95.000;https://down-id.img.susercontent.com/file/id-11134207-7r98q-lozen9gohcbl29_tn;komputer-aksesoris;10RB+ Terjual;-66%;true;true
[ PPLUS ] Kipas Angin Pendingin Mini AC Portable Air Cooler Mobil Dan Ruangan  /Kipas  Angin AC Humidifier PORTABLE AIR;65.000;https://down-id.img.susercontent.com/file/id-11134207-7qul3-lfw4on2auwdz21_tn;elektronik;10RB+ Terjual;-64%;true;true
INFIILAPAN Kipas Angin Mini Portable USB Charge Cute | Windy Kipas Angin Kecil Mini Fan Genggam;17.999;https://down-id.img.susercontent.com/file/id-11134207-7r98s-lo4wskr092x688_tn;elektronik;10RB+ Terjual;-60%;true;true
Luna Life Blender Capsule 700mL - Penggiling Daging Buah & Sayur;189.700;https://down-id.img.susercontent.com/file/id-11134207-7r98q-lni6ovs3r0y1ef_tn;elektronik;2,1RB Terjual;;true;true
LAMPU LED PANALED PREMIUM 5 Watt/10 Watt/15 Watt/20 Watt/30 Watt Cahaya Putih;6.000;https://down-id.img.susercontent.com/file/id-11134207-7r98u-llaoekfrx93gea_tn;elektronik;10RB+ Terjual;;true;true
Lampu Philips LED Essential 3W 5W 7W 9W 11W 13W 15W Bulb Mycare 3W 4W 6W 8W 10W 12W Putih Kuning Grosir 3 4 5 6 7 8 9 10 11 12 13 15 W Watt;16.445;https://down-id.img.susercontent.com/file/087e4aebbbd5ecbd9f73fe7ab1cf77fc_tn;elektronik;10RB+ Terjual;-45%;true;true
WEWANT Gamepad Android Bluetooth Wireless X3 IOS Windows Controller Joystick;75.900;https://down-id.img.susercontent.com/file/sg-11134201-7rbki-lmpjm0aiyt6zfe_tn;elektronik;10RB+ Terjual;-53%;true;true
Amplifier BT-298A Bluetooth EQ Audio Amplifier Karaoke Home Theater FM Radio 600W-BT298A;169.500;https://down-id.img.susercontent.com/file/sg-11134201-23010-krg631v8fumv94_tn;elektronik;3,5RB Terjual;-8%;true;true
( 60 pcs ) Baterai AA / AAA Batre A2 / A3 PREMIUM QUALITY+;36.000;https://down-id.img.susercontent.com/file/sg-11134201-23010-yrwt9h25g1lv6a_tn;elektronik;10RB+ Terjual;-38%;true;true
Kipas Pendingin Udara Portabel, Mini Ac Kipas kabut Portable / Kipas Angin Ac Mini / Kipas Ac Portable;57.200;https://down-id.img.susercontent.com/file/id-11134207-7qul3-lkd7427r0krue3_tn;elektronik;3,5RB Terjual;-70%;true;true
KIPAS ANGIN JEPIT 20W 3IN1 / MINI FAN JEPIT / CLIP FAN 20 WATT / KIPAS ANGIN DUDUK KIPAS JEPIT KIPAS GANTUNG;48.500;https://down-id.img.susercontent.com/file/id-11134207-7qul6-lj9vx0woh38jaa_tn;elektronik;10RB+ Terjual;-35%;true;true
Hangyan Blender Daging Chopper Meat Grinder Gilingan Daging Baja Serbaguna Anti karat;61.900;https://down-id.img.susercontent.com/file/id-11134207-7r98r-llu8sqrbv5amf7_tn;elektronik;8,6RB Terjual;-46%;true;true
Lampu LED 5W 10W 20W 30W Bulb Jumbo Tabung 30W Kapsul Super Terang Putih;10.500;https://down-id.img.susercontent.com/file/6bf2cd4f88553f34638aaab0139e48d9_tn;elektronik;10RB+ Terjual;-43%;true;true
KIPAS PENDINGIN MINI AC PORTABLE AIR COOLER MOBIL DAN RUANGAN | AC Portable Air Cooler AC Mini Super Dingin;86.000;https://down-id.img.susercontent.com/file/id-11134207-7qul6-lhhmbdu3d463f2_tn;elektronik;10RB+ Terjual;;true;true
GPU Cloud Gaming Android IOS Windows Xbox One Xbox Series X Series S;17.000;https://down-id.img.susercontent.com/file/cd4375c739c25b95d1152e79f6f6f934_tn;elektronik;10RB+ Terjual;;true;true
Market1688  Lampu Tumblr Kawat Mini 1 2 3 5 Meter Lampu Hias Dekorasi Gift Box Bucket Bunga Balon Fairy Light Led Murah;1.922;https://down-id.img.susercontent.com/file/id-11134201-23030-lmt22689fvova9_tn;elektronik;10RB+ Terjual;-36%;true;true
PROMO Ac Mini Humidifier Cooler Portable + Kipas Angin Pendingin Ruangan Mini;60.500;https://down-id.img.susercontent.com/file/id-11134207-7quky-li16atzoxyl7f3_tn;elektronik;2,7RB Terjual;-66%;true;true
Goto Aron x Shopee Pompa Galon elektrik Gallon Dispenser Air Minum;29.900;https://down-id.img.susercontent.com/file/id-11134207-7qukx-li2kzy7wstwqf8_tn;elektronik;10RB+ Terjual;-70%;true;true
Lampu LED Neon Flex Strip Light Flexible 220V IP65 Waterproof / Socket Terpisah;8.888;https://down-id.img.susercontent.com/file/sg-11134201-22120-8z5k3703eskv40_tn;elektronik;10RB+ Terjual;-50%;true;true
Panci Listrik Serbaguna Elektrik Cooker Multifungsi Panci Kukus Elektrik / Panci Listrik Multifunctional Electric Frying Pan;49.999;https://down-id.img.susercontent.com/file/sg-11134201-7qvf8-lkgi748rurlz48_tn;elektronik;8,7RB Terjual;-9%;true;true
[ PPLUS ] Panci Listrik Serbaguna Hemat Listrik 450 Wat Anti Lengket /  Elektrik Cooker Multifungsi Panci Kukus Elektrik /Mug listrik 450W Bisa Pakai Di Kos / Teko listrik /electric heating cup / Panci Elektrik Lapisan  Anti Lengket;57.000;https://down-id.img.susercontent.com/file/id-11134207-7qukx-li3z0yhgz0ml10_tn;elektronik;10RB+ Terjual;-56%;true;true
LAMPU DOWNLIGHT LED 3 WARNA 6WATT/ KUNING BIRU UNGU / PUTIH KUNING WARMWHITE /PANEL LED/LAMPU PLAFON;8.500;https://down-id.img.susercontent.com/file/a684285aebb8de5b64a763cec9417b20_tn;elektronik;10RB+ Terjual;-66%;true;true
KIPAS ANGIN DUDUK/MEJA AOYAMA DESKFAN 6” INCH;62.500;https://down-id.img.susercontent.com/file/id-11134207-7qul4-lk7medhi0oiyd7_tn;elektronik;3,5RB Terjual;;true;true
KIPAS ANGIN KARATER 10INCH KIPAS MEJA LISTRIK TABLE FAN LUCU KIPAS KARAKTER;45.500;https://down-id.img.susercontent.com/file/id-11134207-7r98u-loutcwlqsdwsec_tn;elektronik;6,2RB Terjual;-17%;true;true
Kipas Angin besi TORNADO 12 inch 2 in1 AOYAMA Bisa Duduk  meja  Bisa Dinding Garansi Resmi Harga murah berkualitas;135.500;https://down-id.img.susercontent.com/file/id-11134207-7qul5-lfm165euodt791_tn;elektronik;3,5RB Terjual;-38%;true;true
( PPLUS ) KIPAS ANGIN PENDINGIN MINI AC \ AIR COOLER MOBIL DAN RUANGAN  / KIPAS ANGIN PENDINGIN SPRAY AIR;67.000;https://down-id.img.susercontent.com/file/id-11134207-7qul3-li0hoxn9hmnk91_tn;elektronik;10RB+ Terjual;-58%;true;true
VISHAL Combo 3IN1 (COD) Stainless Blender Daging Penggiling +1Set Pisau + 4Pcs Mangkuk Set;105.000;https://down-id.img.susercontent.com/file/sg-11134201-7rblk-lmf0mmj2ov55bb_tn;elektronik;6,2RB Terjual;-34%;true;true
Paket Lengkap Lampu Neon Flex 220v Flexible 1 2 3 4 5 meter Waterproof Strip Outdoor Untuk Buat Huruf Dekorasi kamar tidur cafe rumah Lentur Detak jantung tempel dinding hias kamar aestetic;58.000;https://down-id.img.susercontent.com/file/id-11134207-7r98y-lmeca0e27fa715_tn;elektronik;5,8RB Terjual;-52%;true;true
CARTRIDGE  SPUN  SEDIMEN PP FILTER AIR NANO KOLON DEWATER FILTER 10 INCH 01 03 05 10 MICRON;5.999;https://down-id.img.susercontent.com/file/sg-11134201-23010-eolqrkjhmymvca_tn;elektronik;10RB+ Terjual;-25%;true;true
[ Pplus ] Lampu Proyektor Dengan Speaker Langit Malam Bintang 2 IN 1   Lampu Starry Projector Light Lampu Tidur/ Lampu Proyektor Galaxy / Lampu tidur anak / lampu dekorasi ruangan live / Starry proyektor  kamar aesthetic / Lampu Proyektor untuk Pesta;72.000;https://down-id.img.susercontent.com/file/id-11134207-7qukx-lfaz604ix70u8a_tn;elektronik;10RB+ Terjual;-67%;true;true
[Advance ID] READY STOCK!! Kipas Angin Uap air embun/air cooler fan CF-06A /AC Portable Air Cooler Super Dingin 600ml / Kipas Angin Portable Mini;95.000;https://down-id.img.susercontent.com/file/id-11134207-7r98x-lmyd8ad0mk1zde_tn;elektronik;5,3RB Terjual;;true;true
SAMONO Food Processor Food Chopper 300ml Mesin Penghalus Daging dan Buah Garansi Resmi 1 Tahun SW-MC200;114.900;https://down-id.img.susercontent.com/file/id-11134207-7r98u-lmn0irbhfkp8bc_tn;elektronik;10RB+ Terjual;-77%;true;true
Goto Oliver Electric Pan 2L Fry Pan Portable Panci Listrik Serbaguna;104.900;https://down-id.img.susercontent.com/file/2b95fe52f241673a1bf7b94088ab6c86_tn;elektronik;10RB+ Terjual;-72%;true;true
PAKET SPECIAL COMBO PRESTO ( BLENDER CHOPPER , HAND MIXER, PANCI PRESTO );162.000;https://down-id.img.susercontent.com/file/id-11134207-7r98q-lp61lpehesfnd0_tn;elektronik;7,5RB Terjual;-54%;true;true
Vacuum Cleaner Portable Alat Penyedot Debu Serbaguna Mobil Vakum Pembersih;30.100;https://down-id.img.susercontent.com/file/id-11134207-7r98v-lmdf4zicrqjj2c_tn;elektronik;10RB+ Terjual;-65%;true;true
Bohlam Lampu LED Emergency 28 W Jumbo Tetap Nyala Lama Walau Listrik Mati / Lentera malam / Lamp Magic / Lampu Ajaib;19.999;https://down-id.img.susercontent.com/file/sg-11134201-22110-7ubiuw1emojv8a_tn;elektronik;10RB+ Terjual;-26%;true;true
LAMPU SELANG LED STRIP SMD 5050 220V PAKET 10M  , 15M ,  20M FREE SOKET 1PCS drop ceiling plafon AC 220VOLT;101.900;https://down-id.img.susercontent.com/file/id-11134207-7qukw-lfm3hbjf3gpuad_tn;elektronik;5,6RB Terjual;;true;true
?Garansi 1 Tahun?Advance Kipas Angin 16 Inch SF-16A Kipas Angin Berdiri;124.000;https://down-id.img.susercontent.com/file/id-11134207-7qukw-lh8ok16rbeejae_tn;elektronik;2,7RB Terjual;-55%;true;true
?DISKON 50%?Ready Versisuara i love you Cinnamoroll Lotso Kuromi Sanrio LED Night Light Gantungan kunci cinnamoroll Figure Kartun Lampu  Lucu Kecantikan Hiasan Kamar Tidur Lampu kawaii Samping Tempat Tidur Light Tidur Anak Night Light Gift;43.600;https://down-id.img.susercontent.com/file/id-11134207-7r98v-lp33n1b6hdi942_tn;elektronik;3,5RB Terjual;-77%;true;true
[ACQ] Alat Peras Pemeras Buah Alat Peras Jeruk Blender Manual Juice;18.869;https://down-id.img.susercontent.com/file/id-11134207-7r98q-lm3yen9fmask2a_tn;elektronik;7,7RB Terjual;;true;true
Mini Ac Kipas kabut bukan Portable / Humidifer AC Kipas angin  mini;55.000;https://down-id.img.susercontent.com/file/id-11134201-23020-zjlwxo0w4snv6a_tn;elektronik;6,1RB Terjual;;true;true
VISHAL Jumbo chopper  Blender Elektrik Penggiling Penggiling Mixer Fruit Veg Blender Daging VS;65.999;https://down-id.img.susercontent.com/file/909961155416a8b00b0d06b03c10cc2c_tn;elektronik;10RB+ Terjual;-59%;true;true
KIPAS ANGIN BERDIRI / KIPAS AOYAMA 16 INCH / STANDFAN / KIPAS GARANSI RESMI / KIPAS MURAH / KIPAS KENCANG / ELEKTRONIK MURAH;119.500;https://down-id.img.susercontent.com/file/id-11134207-7qukw-lfm165eupsdn8c_tn;elektronik;10RB+ Terjual;-34%;true;true
[AGS] Teko Listrik Pemanas Air Panas Stainless 2 Liter;49.500;https://down-id.img.susercontent.com/file/id-11134207-7qul6-lh65uvuwo6uj04_tn;elektronik;6RB Terjual;;true;true
Kipas Besi Tornado 18 Inch 16 Inch 12 Inch 3in1 Besar Hemat Daya;139.999;https://down-id.img.susercontent.com/file/id-11134207-7qul9-lji8op9uqf4y5f_tn;elektronik;4,4RB Terjual;-53%;true;true
[ASS] Blender Kapsul Capsule Portable Electric Juicer Hand Mixer Elektrik;51.000;https://down-id.img.susercontent.com/file/6d6b77a8d31f4a99c9b161b32ef3cd21_tn;elektronik;10RB+ Terjual;;true;true
Lampu Emergency Magic Lampu 10/15/20W/Lampu magic abulb/lampu pasar malam;23.888;https://down-id.img.susercontent.com/file/id-11134201-7r98x-lmuj9ikk0ch09b_tn;elektronik;10RB+ Terjual;-25%;true;true
Samono Pompa Galon Dispenser Air Minum Water Electric Pump Charge Micro USB SW-EWP01;30.900;https://down-id.img.susercontent.com/file/id-11134201-23030-7pouhvssu6nv18_tn;elektronik;10RB+ Terjual;-79%;true;true
LAMPU Model Kipas 4 Sayap Lampu LED Bubble 28 Watt;12.980;https://down-id.img.susercontent.com/file/sg-11134201-7rbk0-lkq5b4gnpp3bc2_tn;elektronik;6,8RB Terjual;-48%;true;true
YHOME Lampu Sensor Gerak Magnetic Motion Sensor Lampu Stick Panjang LED/Lampu tidur LED tombol multifungsi lampu belajar lampu lemari portable Y258;46.900;https://down-id.img.susercontent.com/file/id-11134201-23030-gvl2gozn3movb4_tn;elektronik;10RB+ Terjual;-37%;true;true
5050 PAKET Lampu Led Strip Selang 5050 10M-15M-20M-30M (lampu strip+ Soket+tutup )5050 Lampu Hias Cafe Led Strip;50.800;https://down-id.img.susercontent.com/file/id-11134207-7qul6-lhbqbvqvsc4ud6_tn;elektronik;6,9RB Terjual;-36%;true;true
Bright Crown VIRAL!! Kipas Pendingin Tahan Lama / AC Portable Air Cooler Super Dingin 600ml / Kipas Angin Portable Mini;59.000;https://down-id.img.susercontent.com/file/id-11134207-7qul4-li2sta87lwwua0_tn;elektronik;10RB+ Terjual;-68%;true;true
PAKET LAMPU LED STRIP 5050 3528 2835 RGB 5M 10M IP44 IP33 RGB REMOTE LAMPU HIAS WARNA WARNI LAMPU KAMAR AESTHETIC;41.500;https://down-id.img.susercontent.com/file/id-11134207-7qul9-ljjkrzorqaj371_tn;elektronik;10RB+ Terjual;-44%;true;true
LAMPU LED  STRIP RGB 3528 2835 WARNA WARNI IP44 5M AC 220V + ADAPTOR + REMOTE 3528 (LAMPU TIKTOK);27.000;https://down-id.img.susercontent.com/file/36c158b21d3e6c914a78b8a7ea79c69c_tn;elektronik;10RB+ Terjual;-55%;true;true
KIPAS AOYAMA DINDING / KIPAS ANGIN GANTUNG 16 INCH  /  KIPAS GARANSI RESMI / KIPAS KENCANG / KIPAS AWET / KIPAS MURAH / ELEKTRONIK / KIPAS TEMPEL DINDING/KIPAS ANGIN;115.500;https://down-id.img.susercontent.com/file/id-11134207-7qul0-lfm10kmmi0k275_tn;elektronik;10RB+ Terjual;;true;true
STB/ SET TOP BOX TV MATRIX HIJAU DVB T2 DIGITAL RECIEVER NEW;152.222;https://down-id.img.susercontent.com/file/id-11134207-7r98r-ln4k3tfnn07xed_tn;elektronik;5RB Terjual;-12%;true;true
Hangyan Blender Kapsul Serbaguna Chopper Daging Plastik Penggiling Daging Listrik 250Watt;49.990;https://down-id.img.susercontent.com/file/id-11134207-7r990-lp5zf9zr4m8xaa_tn;elektronik;10RB+ Terjual;-58%;true;true
[ACQ] Mini Food Chopper Blender Tarik Tangan Manual Penghalus Bumbu;9.969;https://down-id.img.susercontent.com/file/fe4adc14be03ec1896022d34e92d119e_tn;elektronik;10RB+ Terjual;;true;true
Blender Kapsul Capsule Portable Electric Penggiling Daging Kapasitas 600ml;61.500;https://down-id.img.susercontent.com/file/id-11134207-7r98o-lkt0df2rhn1wb2_tn;elektronik;4,6RB Terjual;-5%;true;true
kipas Angin Karater 10inch/Kipas angin meja listrik;49.000;https://down-id.img.susercontent.com/file/id-11134207-7r98w-lnchpp81ag7019_tn;elektronik;10RB+ Terjual;-35%;true;true
Lampu Philips LED Multipack MyCare 4W 6W 8W 10W 12W Ess 5W 7W 9W 11W Putih 4 5 6 7 8 9 10 11 12 W Paket;50.485;https://down-id.img.susercontent.com/file/d923130ab221f1e0ca32c06ae8ce014e_tn;elektronik;10RB+ Terjual;-29%;true;true
LAMPU TENAGA SURYA OUTDOOR IP69 180 WATT - LAMPU JALAN PAGAR DAN TAMAN;49.280;https://down-id.img.susercontent.com/file/5eef7747e0b5868b2b7d61dc67f1b1c8_tn;elektronik;10RB+ Terjual;-45%;true;true
STB/ SET TOP BOX TV MATRIX HIJAU DVB T2 DIGITAL RECIEVER NEW;152.222;https://down-id.img.susercontent.com/file/id-11134207-7r98r-ln4k3tfnn07xed_tn;elektronik;5RB Terjual;-12%;true;true
Keryn - BLENDER CAPSULE CUTTER BLENDER KAPSUL SERBAGUNA Mixer Portable Hand free packing bubble;50.000;https://down-id.img.susercontent.com/file/f137d271b0f3b23f4fe50eb153400e5e_tn;elektronik;10RB+ Terjual;-17%;true;true
"Advance SF16A Kipas Angin 16"" Berdiri Stand Fan Garansi Resmi 1 Tahun";130.000;https://down-id.img.susercontent.com/file/id-11134207-7qul2-linw7t3rbztt99_tn;elektronik;9,8RB Terjual;-63%;true;true
VACUM CLEANER PORTABLE HIGH QUALITY 6000PA;30.000;https://down-id.img.susercontent.com/file/522451be4196201ee09cd6bcb5fbe09b_tn;elektronik;10RB+ Terjual;;true;true
Panci Listrik Multifungsi Anti Lengket Free kukusan / Steamer Stainless Lapis Keramik Teflon  cooking pot;54.000;https://down-id.img.susercontent.com/file/d2094a988ccb800d3a5bb988ab673848_tn;elektronik;10RB+ Terjual;;true;true
BAS Rak kaki galon air dudukan galon dengan kran;29.900;https://down-id.img.susercontent.com/file/id-11134207-7r98o-lmpw51hxz73od5_tn;elektronik;4,6RB Terjual;-32%;true;true
LT Kipas Angin AC Mini Air cooler Fan Portable Mobil Kantor-Ruangan Dingin;54.999;https://down-id.img.susercontent.com/file/id-11134207-7r98o-lkks4lr183e365_tn;elektronik;5,7RB Terjual;-42%;true;true
[ PPLUS ] Magic com mini 1,5 Liter Anti Lengket Serbaguna Rice cooker Panci Listrik 450Wat;98.000;https://down-id.img.susercontent.com/file/id-11134207-7qul0-lkalp8v3lsnofc_tn;elektronik;9RB Terjual;-61%;true;true
Live MIISOO Mini Chopper Blender Portable  Gilingan Mini Bumbu dan Daging dengan USB;51.900;https://down-id.img.susercontent.com/file/id-11134207-7r98p-lmguot1o7ocn3e_tn;elektronik;6,1RB Terjual;-48%;true;true
kipas angin karakter NAGASAKY NG-180B BAY MAX;60.500;https://down-id.img.susercontent.com/file/794fdd3f2873a9a6d859295dea8c64d6_tn;elektronik;10RB+ Terjual;-19%;true;true
Maspion Setrika Automatic Iron HA 110;131.400;https://down-id.img.susercontent.com/file/sg-11134201-22120-btkeacx4udlv4a_tn;elektronik;10RB+ Terjual;-18%;true;true
VIRAL BLENDER JUS GELAS JUICE 500ML PORTABLE JUICER CUP BLEND - READY STOK;33.999;https://down-id.img.susercontent.com/file/id-11134207-7r98o-ll16ldd06hez79_tn;elektronik;4,7RB Terjual;;true;true
PAKET Lampu Led Strip Selang 5050 10m 20m 30 meter (lampu strip+ Socket+tutup )5050 Lampu Hias Cafe Led Strip;126.225;https://down-id.img.susercontent.com/file/11d1b0b1908702172ada46480017c823_tn;elektronik;10RB+ Terjual;-15%;true;true
NEW KARAKTER BERAT 1KG...KIPAS ANGIN KARAKTER LUCU HELLO KITTY CARS MARIO;50.900;https://down-id.img.susercontent.com/file/d48d5866275c065f7b258f45354b17b0_tn;elektronik;10RB+ Terjual;;true;true
ELFYDO Lampu Tumblr Xeron 10M Packing Box Lampu Hias Lampu Hari Raya Lebaran Lampu Natal Tumbler Light Led Dekorasi Kamar;10.205;https://down-id.img.susercontent.com/file/id-11134207-7r98x-llmz4pkwkdrgbb_tn;elektronik;10RB+ Terjual;;true;true
?READY STOCK?ADVANCE Set Top Box Tv Digital Matrix DVB T2 HD EWS / Penerima Siaran Full HD STP-A01 Garansi Resmi 1 tahun;136.000;https://down-id.img.susercontent.com/file/f18e729c83a10e87d443df6aad6dfa01_tn;elektronik;10RB+ Terjual;-62%;true;true
Berkattoserba BLENDER PORTABLE MINI USB Chopper Elektrik Tanpa Kabel Pencincang Makanan;26.650;https://down-id.img.susercontent.com/file/id-11134201-7r98u-ll4y0xv8uz9uf6_tn;elektronik;8,5RB Terjual;-47%;true;true
[ KYLO ] Blender Stainless Hijau Premium Quality Kapasitas 2L/Food Chopper/Penggiling Daging/Blender Elektrik Stainless;72.888;https://down-id.img.susercontent.com/file/1abf010a986d11e81bd39eb1537894ba_tn;elektronik;10RB+ Terjual;-48%;true;true
Laris_Unik COD Kipas Pendingin Udara Portabel AC Mini Humidifier Air Cooler Mini XFS-1;64.500;https://down-id.img.susercontent.com/file/id-11134207-7qukz-lhsssmmg7p043d_tn;elektronik;3,7RB Terjual;-67%;true;true
Lampu TL Neon T5 LED 6W 30CM 10W 60CM 15w 90cm 20W 120CM Tube Warna Warni;28.600;https://down-id.img.susercontent.com/file/bb987a8146882e0dab67052f1bef86a4_tn;elektronik;10RB+ Terjual;-51%;true;true
JOZAKA - Dispenser PORTABLE  3,5liter / dispenser minuman;15.500;https://down-id.img.susercontent.com/file/id-11134207-7r98u-lnsdj6p041aee8_tn;elektronik;10RB+ Terjual;;true;true
VISHAL Blender Portable mini Kapsul cutter Quatre/BLENDER KAPSUL SERBAGUNA VS-1828;55.999;https://down-id.img.susercontent.com/file/f17186e9b695681d8c11553f366c5dd1_tn;elektronik;10RB+ Terjual;-53%;true;true
GW Tornado Fan 12” 3in1 Wall Fan Hemat Daya;139.900;https://down-id.img.susercontent.com/file/id-11134207-7qukx-lf8i2bmisnnf6e_tn;elektronik;3,9RB Terjual;-53%;true;true
Pompa Galon Elektrik Dispenser Air Minum Gallon Pompa Galon Electric;23.500;https://down-id.img.susercontent.com/file/sg-11134201-7rbk0-lkupx3nvhc2w51_tn;elektronik;10RB+ Terjual;-16%;true;true
WELHOME Kipas Angin Listrik Motif 10inch - Kipas Portable Lucu;55.900;https://down-id.img.susercontent.com/file/id-11134207-7r98t-lmk7w5lq5h1od8_tn;elektronik;10RB+ Terjual;-7%;true;true
Lampu Garansi Platinum LED Bulb 5w 7w 9w 12w 15w 18w 21w Bohlam LED Cool White E27 Garansi 1 Tahun;8.500;https://down-id.img.susercontent.com/file/id-11134207-7r98q-lno6ole4sdqhe0_tn;elektronik;10RB+ Terjual;;true;true
<^ SJA ^>  BLENDER PORTABLE CRUSHRE JUICER MINI / Blender Portable Mini 420ML Juicer Portable 6 Pisau Listrik USB / Juice Blender Buah Mini Mixer Ice Crusher;35.288;https://down-id.img.susercontent.com/file/id-11134207-7qukz-ljm92z7uxo2jc3_tn;elektronik;3,8RB Terjual;-46%;true;true
MTE Lampu Tumblr  Bola Anggur / Lampu Tumblr Motif 4 Meter / Lampu Hias Natal;12.500;https://down-id.img.susercontent.com/file/id-11134207-7r98q-lmeabz51wn1nff_tn;elektronik;7,6RB Terjual;-80%;true;true
PORTABLE JUICER BLENDER ( 4 mata pisau ) - BLENDER CHARGE JUICE;47.990;https://down-id.img.susercontent.com/file/f8346412d5dc10c8737c2e83435cc85e_tn;elektronik;10RB+ Terjual;-56%;true;true
lampu buat kamar tidur Lampu Hias 3D LED lampu hias kamar tidur Hadiah spesial lampu malam bulan bola kristal;27.800;https://down-id.img.susercontent.com/file/sg-11134201-22100-hl2ld4xhzuiv77_tn;elektronik;10RB+ Terjual;-18%;true;true
Lampu Candle LED E27 Dan E14 3Warna 12W/Putih+WW+K dan K+B+ungu;7.000;https://down-id.img.susercontent.com/file/2302167d6c1be51f6a15f8236a530e0e_tn;elektronik;10RB+ Terjual;-10%;true;true
[INTELLIGENT] Pompa Galon Elektrik V-33 || Dispenser Air Galon || Pompa Galon Electric Usb;31.800;https://down-id.img.susercontent.com/file/id-11134207-7qukw-lgxg623zagrj9b_tn;elektronik;4,7RB Terjual;;true;true
Teko Listrik Scarlett 2 liter / Electric heat Kettle 2L - Pemanas Air;49.999;https://down-id.img.susercontent.com/file/sg-11134201-22100-kgcmywem2civa4_tn;elektronik;10RB+ Terjual;-9%;true;true
Panci Presto Teflon Pressure Cooker 3,5 liter Anti Lengket;44.999;https://down-id.img.susercontent.com/file/sg-11134201-22110-rkfn1uu8gyjvb8_tn;elektronik;10RB+ Terjual;-64%;true;true
STOP KONTAK + KABEL 2/3/4/5 LUBANG 1.5/3/5/10 METER SNI;29.999;https://down-id.img.susercontent.com/file/id-11134201-7r98r-lmuf2w7ezfgn3a_tn;elektronik;10RB+ Terjual;-4%;true;true
PAKET LAMPU LED STRIP 5050 3528 2835 RGB 5M 10M IP44 IP33 RGB REMOTE LAMPU HIAS WARNA WARNI LAMPU KAMAR AESTHETIC TUMBLR PLAFON;65.000;https://down-id.img.susercontent.com/file/ea3c3b6ca183d4068b4ccfded61ca410_tn;elektronik;10RB+ Terjual;-57%;true;true
Retaily Lampu Tumblr Xeron 10M Packing Box Lampu Hari Raya Lebaran Lampu Natal Lampu Led Lampu Hias Dekorasi;11.430;https://down-id.img.susercontent.com/file/id-11134207-7r98y-llw5tkhd68tb44_tn;elektronik;10RB+ Terjual;-13%;true;true
[1200gr] H047 |  BLENDER CAPSULE CUTTER QUATRE - BLENDER KAPSUL SERBAGUNA;53.850;https://down-id.img.susercontent.com/file/d474128258f39f7bd27559e457424de4_tn;elektronik;10RB+ Terjual;-12%;true;true
[GREEN] BLENDER DAGING STAINLESS HIJAU PREMIUM/ FOOD CHOPPER STAINLESS KUALITAS BAGUS;74.000;https://down-id.img.susercontent.com/file/id-11134207-7quky-li76ikel5q72f3_tn;elektronik;10RB+ Terjual;;true;true
Standfan | Kipas Angin Berdiri Mastap 16in;122.500;https://down-id.img.susercontent.com/file/id-11134207-7r992-lmhjeqpyye23fd_tn;elektronik;8,4RB Terjual;-47%;true;true
CCTV Wireless A9 Mini Smart Camera Wifi HD 1080P Micro v380 Kamera Keamanan  Kamera Pengintai  Tersembunyi Kecil Smart Network IP Surveillance Tanpa Kabel Outdoor Wide Angle Support HP Smartphone Termurah;55.000;https://down-id.img.susercontent.com/file/id-11134207-7qul6-lh1ib2wg50og30_tn;elektronik;6,2RB Terjual;-42%;true;true
MKL - 10 meter Lampu Tumblr Bola Anggur Lampu Pohon natal Tumbler Model bulat led 50pcs E007;19.495;https://down-id.img.susercontent.com/file/sg-11134201-22110-3kenlr1jq7jv5d_tn;elektronik;10RB+ Terjual;-78%;true;true
ZHYO 520ML Blender buah portabel  multifungsi  Pembuat jus mini dengan 6 bilah   Blender jus buah USB yang dapat diisi ulang Blender kapsul;49.000;https://down-id.img.susercontent.com/file/id-11134207-7r990-lo6lnnlcnmd8da_tn;elektronik;5,4RB Terjual;-22%;true;true
KUKE Speedy Chopper Blender Tarik / Blender Manual / Blender sayur dan buah YG-708;16.388;https://down-id.img.susercontent.com/file/e25f73ff9675f65e58699c186f0e423c_tn;elektronik;10RB+ Terjual;-4%;true;true
Kipas Angin Karakter 10INCH / Kipas Meja Listrik Table Fan;55.100;https://down-id.img.susercontent.com/file/id-11134207-7qukw-lfpit9cpt77q2c_tn;elektronik;6,3RB Terjual;-42%;true;true
Set Top Box Luby Receiver TV STB Digital DVBT2-01 Full HD SNI Original;133.000;https://down-id.img.susercontent.com/file/id-11134207-7qul0-liwmw9mrwtw7a2_tn;elektronik;10RB+ Terjual;-5%;true;true
Panci Listrik Serbaguna Lapisan Keramik-Panci Travel Kukus & Goreng?Mrlion.Olshop?;52.399;https://down-id.img.susercontent.com/file/id-11134207-7qul4-lh1os1mb2pun59_tn;elektronik;10RB+ Terjual;;true;true
SMS Lampu Tumblr Kawat Mini 1 Meter Lampu Hias Dekorasi Gift Box Bucket Balon Fairy Light Led Murah Import;2.049;https://down-id.img.susercontent.com/file/id-11134201-23030-b35tdhml4dov1f_tn;elektronik;10RB+ Terjual;-80%;true;true
BROCO SAKLAR ENGKEL SERI TRIPLE STOP KONTAK TANAM NEW GEE GALLEO ALLEGRA NEU RAY PUTIH CREAM TUNGGAL GANDA INBOW OUTBOW IB OB SNI ORIGINAL ORI;11.940;https://down-id.img.susercontent.com/file/id-11134201-23030-ixm1d067vpov9a_tn;elektronik;10RB+ Terjual;-40%;true;true
K vision Paket Cling 30/180 CL01 CL06 MNC;9.900;https://down-id.img.susercontent.com/file/id-11134207-7r98s-lp0bbpgz67wu9b_tn;elektronik;10RB+ Terjual;;true;true
Paket Lampu LED Neon Flex 220V Lengkap Tinggal Colok / HK-5066 Strip Flexible IP65 WATERPROOF;58.000;https://down-id.img.susercontent.com/file/id-11134201-7r98z-lmuhar0k1r5g0a_tn;elektronik;10RB+ Terjual;-20%;true;true
Blender LELEBEST Portable Mini Juice Blender 6 Pisau Juicer Portable Usb Pembuat Jus Elektrik Rechargeable Mini Mixer Ice Crusher;75.000;https://down-id.img.susercontent.com/file/id-11134207-7r98o-lkt72x2kvqbnd6_tn;elektronik;9,6RB Terjual;-58%;true;true
Pembuih Susu Pengocok Telur Handheld Blender Milk Frother Electric Mixer Portable Egg Beater USB Rechargeable;48.300;https://down-id.img.susercontent.com/file/id-11134207-7qul8-ljnp964mthdvcf_tn;elektronik;4,1RB Terjual;;true;true
YOGO Original COD BUNDLE CCTV Camera 2 Antena PTZ Mini Bohlamp Wireless Wifi Smart 1080 Full HD V380 8MP IP CAM OUTDOOR Night Vision Infrared;223.000;https://down-id.img.susercontent.com/file/id-11134207-7r98r-lmycwbjaw3vvf2_tn;elektronik;2,3RB Terjual;-52%;true;true
(BISA COD) Set Top Box Tv Digital DVB T2 FULL HD / TERMURAH TERBAIK/ set topbox tv digital untuk tv tabung / stb tv digital murah / set box tv digital murah / STB DVB T2/ Bisa Youtube;104.999;https://down-id.img.susercontent.com/file/sg-11134201-23010-58zfm5xhirmv9f_tn;elektronik;10RB+ Terjual;;true;true
LAMPU LED PHILIPS 3 W - 15 WATT ESSENTIAL BULB MYCARE (GROSIR) 3W 4W 5W 6W 7W 8W 9W 10W 11W 12W 13W 15W PUTIH KUNING 4 5 6 7 8 9 10 11 12 13;36.645;https://down-id.img.susercontent.com/file/531511a8f34423790cfec67931780abb_tn;elektronik;10RB+ Terjual;-4%;true;true
Lampu LED STRIP SELANG 2835 10Meter/220V OUTDOOR RGB/LED strip warna-warni;38.999;https://down-id.img.susercontent.com/file/id-11134201-7qul0-ljp8igvr9d5k55_tn;elektronik;10RB+ Terjual;-44%;true;true
[ORIGINAL 100%] ANTENA TV DIGITAL/TABUNG, INDOOR DVB-T2 4K HIGH SIGNAL;30.000;https://down-id.img.susercontent.com/file/id-11134207-7qul8-lk9ni075dv9w44_tn;elektronik;10RB+ Terjual;;true;true
Lampu Led Jumbo/lampu led tbulb/LED Berqulitas Murah;9.988;https://down-id.img.susercontent.com/file/id-11134201-7r98p-lmuf2zke2e236b_tn;elektronik;10RB+ Terjual;-60%;true;true
GPO Lampu buat kamar tidur Lampu Hias LED lampu hias kamar tidur Hadiah spesial kado natal;30.500;https://down-id.img.susercontent.com/file/id-11134201-23030-y6vdio6wpeov42_tn;elektronik;10RB+ Terjual;-53%;true;true
GRATIS ONGKIR! SAMONO Pengocok Susu Milk Frother Mixer Portable Foam Kopi Susu Latte Pengaduk Telur;32.900;https://down-id.img.susercontent.com/file/id-11134207-7r991-llbnbtvvjs8s6a_tn;elektronik;2,4RB Terjual;-67%;true;true
Goto Pompa Galon Elektrik Dispenser Air Minum Recharge;32.900;https://down-id.img.susercontent.com/file/id-11134207-7r992-lo3gwv3ulgg934_tn;elektronik;10RB+ Terjual;-63%;true;true
Kipas Angin Turbo 3 in 1 Multifungsi 18 Inc Bergaransi;188.000;https://down-id.img.susercontent.com/file/id-11134207-7r98t-lmo742qpn6vi23_tn;elektronik;1,5RB Terjual;-25%;true;true
Bracket TV LED LCD 14 - 37 Inch Waterpas 15 17 19 21 22 24 27 29 32 35 37 in;35.333;https://down-id.img.susercontent.com/file/id-11134207-7r98r-lnnttu7t8n7t24_tn;elektronik;10RB+ Terjual;-46%;true;true
Panci Listrik Elektrik Cooker Stainless Steel Teflon Cooking Pot;54.000;https://down-id.img.susercontent.com/file/id-11134201-23030-vj05xp96dyov5d_tn;elektronik;10RB+ Terjual;-8%;true;true
{ OMG } Panci Listrik Multifungsi  2.2 Liter / Panci Listrik 2.2 Liter Bahan Teflon / Panci Penggorengan Serbaguna Dengan Kukusan;84.888;https://down-id.img.susercontent.com/file/a91dcce24aa354f345276af2815ec4ea_tn;elektronik;10RB+ Terjual;-47%;true;true
FygaleryMedan Lampu Tumblr Xeron 10M Packing OPP Lampu Hari Raya Lebaran Lampu Natal Lampu LED Lampu Hias Dekorasi Kamar;11.430;https://down-id.img.susercontent.com/file/id-11134207-7r991-llvxuoxs36dj21_tn;elektronik;10RB+ Terjual;-11%;true;true
PAKET Lampu Led Strip Selang 5050 5m 8m 10 meter (lampu strip+ Socket+tutup )5050 Lampu Hias Cafe Led Strip;43.600;https://down-id.img.susercontent.com/file/40050096b8e4fd24943870111ff1066a_tn;elektronik;10RB+ Terjual;-20%;true;true
KIPAS ANGIN KARATER 10INCH KIPAS MEJA LISTRIK TABLE FAN;49.088;https://down-id.img.susercontent.com/file/e86e4fd88a78a04bedbc2c5488c9f596_tn;elektronik;10RB+ Terjual;-9%;true;true
Paket Lampu Neon Flex 220v 1m 2m 3m 4m 5m 5 meter Led Selang Fleksibel 220v Warna Neon Box Outdoor ip65 Huruf DIY 220v strip;44.620;https://down-id.img.susercontent.com/file/id-11134207-23030-ri94txetydov4f_tn;elektronik;10RB+ Terjual;-3%;true;true
2023 Latest Android Box 6K TV Box 16gb Ram 256gb Rom TV BOX 2.4G Wifi Smart Tv Box Unlock Tv Box Android Google Assistant Chromecast Netflix Global English Version;188.000;https://down-id.img.susercontent.com/file/id-11134207-7qukz-lkatiducrzxyf2_tn;elektronik;5RB Terjual;-52%;true;true
ANQI SHOP Blender/Penggiling Daging Sayur Buah-Buah Meat Mincer Chopper Kapsul Mini VS-1828;53.999;https://down-id.img.susercontent.com/file/f73d286d1f39cb260569cc761714f4bd_tn;elektronik;10RB+ Terjual;-55%;true;true
Lampu Tidur Proyektor Aesthetic 360 Rotasi 8 Mode LED Kamar Karakter Bulan Bintang;35.888;https://down-id.img.susercontent.com/file/sg-11134201-7rblc-lopphaeh22oe1b_tn;elektronik;10RB+ Terjual;-52%;true;true
Kipas Angin Jepit 20W / 24W  3 IN 1 / Mini Fan Jepit / Clip Fan 20Watt 24Watt;49.000;https://down-id.img.susercontent.com/file/id-11134207-7r98y-lodskmaov37r1c_tn;elektronik;10RB+ Terjual;-2%;true;true
[1000gr] E146 | Blender Portable Mini 420ML Juicer Portable 6 Pisau Listrik USB Juice Blender Buah Mini Mixer Ice Crusher (Kirim sedotan yang bisa dicuci);37.350;https://down-id.img.susercontent.com/file/id-11134207-7r992-ll8snvxbmu2369_tn;elektronik;5,3RB Terjual;-25%;true;true
[ Pplus ] Kipas Angin Jepit 3 in 1(dinding,duduk,jepit) / Mini Fan jepit 5 baling 24w / Mini fan jepit 4 baling 22w / Kipas angin mini / kipas angin meja / kipas angin dinding;53.000;https://down-id.img.susercontent.com/file/sg-11134201-22110-utajplonwfjv1c_tn;elektronik;10RB+ Terjual;-12%;true;true
Goto Merlyn Pompa Galon Lipat Electric Dispenser Air Minum USB Charge;42.900;https://down-id.img.susercontent.com/file/id-11134207-7qul2-ljkzz9kgunfu4d_tn;elektronik;10RB+ Terjual;-70%;true;true
SK-C17 C199 Lampu Tumblr Light Led 10 Mtr OPP 100 LED 50 LED Lampu Hias Dekorasi Kamar Hiasan Natal;13.995;https://down-id.img.susercontent.com/file/7645735e0c7810a8be2f35110fe4da60_tn;elektronik;10RB+ Terjual;-60%;true;true
LAMPU EMERGENCY / LAMPU LED UP TO 7 JAM / LAMPU EMERGENCY MURAH;32.500;https://down-id.img.susercontent.com/file/id-11134207-7r98v-lozr079iai6mcd_tn;elektronik;10RB+ Terjual;-35%;true;true
MTE Lampu Natal LED / Lampu Tumblr / Twinkle Light /Lampu Dekorasi Hias;10.500;https://down-id.img.susercontent.com/file/sg-11134201-22100-e2xpmzzlq8iv66_tn;elektronik;10RB+ Terjual;-19%;true;true
Super Hand Mixer, Pengaduk 7 Kecepatan Otomatis - Free 4 Buah Alat Pengocok / Mixer RANDOM;47.990;https://down-id.img.susercontent.com/file/46c6809d298d7a3997efd2f6338e9863_tn;elektronik;10RB+ Terjual;-47%;true;true
BATERAI MAINAN AA/A2 1 SET ISI 4 PCS;3.713;https://down-id.img.susercontent.com/file/2db4a96884e2052dca3e25a18f819b46_tn;elektronik;10RB+ Terjual;-1%;true;true
Blender Capsule Cutter Quatre/Blender Kapsul Blender Mini Blender Listrik;50.800;https://down-id.img.susercontent.com/file/b17d3485f1a3247fa6455adff19c3be7_tn;elektronik;10RB+ Terjual;;true;true
LAMPU LED STRIP SELANG 5050 SMD AC 220V METERAN (1M-100M) OUTDOOR AND INDOOR LAMPU PLAFON LAMPU HIAS;3.450;https://down-id.img.susercontent.com/file/91bd28d9ffb31e5b636d21c8cad8e8ce_tn;elektronik;10RB+ Terjual;-58%;true;true
BATERAI CAS AA 1000mAh AAA 600mAh BATTERY RECHARGEABLE CHARGER 3 SLOT USB AA/AAA BATRE ISI ULANG;3.700;https://down-id.img.susercontent.com/file/61a0d5f7c018b49e2edfd0170e47cd17_tn;elektronik;10RB+ Terjual;;true;true
MTE Rumah Fitting Hitam Lampu Baca Arsitek Meja Belajar Kerja Duduk Jepit;82.000;https://down-id.img.susercontent.com/file/0a5b701215048369258e7692e2ce76d2_tn;elektronik;10RB+ Terjual;-4%;true;true
Mini fan jepit javotec 490(jepit~dinding~duduk) / Kipas Angin Jepit 24W / Kipas angin mini / Kipas Angin dinding / kipas Berdiri / Kipas angin meja;51.950;https://down-id.img.susercontent.com/file/id-11134207-7r98z-lotdl49wapgsec_tn;elektronik;10RB+ Terjual;-12%;true;true
[ KYLO ] Blender Capsule/Blender Kapsul/Food Chopper;50.888;https://down-id.img.susercontent.com/file/13cc21d6cd6c69b929e2dfa4e0f6275d_tn;elektronik;10RB+ Terjual;-43%;true;true
Kipas Angin Meja Karakter 10inch Portable Listrik Table Fan Lucu Desk Fan Karakter;48.900;https://down-id.img.susercontent.com/file/id-11134207-7r98x-lmu2los66e5g8d_tn;elektronik;2,8RB Terjual;-44%;true;true
Set Top Box Digital EVERCROSS MAX free ongkir;128.000;https://down-id.img.susercontent.com/file/sg-11134201-22120-7uw2hr4vj0kv37_tn;elektronik;10RB+ Terjual;-8%;true;true
BROCO SAKLAR STOP KONTAK GALLEO NEW GEE ENGKEL SERI PUTIH CREAM STEKER FITTING IB OB PUTIH;9.215;https://down-id.img.susercontent.com/file/sg-11134201-22110-isl2lw818bjv77_tn;elektronik;10RB+ Terjual;-36%;true;true
( 60 pcs ) Baterai AA / AAA Batre A2 / A3 PREMIUM QUALITY+;36.000;https://down-id.img.susercontent.com/file/sg-11134201-23010-yrwt9h25g1lv6a_tn;elektronik;10RB+ Terjual;-38%;true;true
MIISOO Pompa Air Galon Elektrik Listrik Portable Water Electric Pump Premium-live;36.900;https://down-id.img.susercontent.com/file/52e342da46c0d21684e3ccafdb4fab4b_tn;elektronik;10RB+ Terjual;-36%;true;true
ALAT VACUM CLEANER / PENYEDOT DEBU WIRELESS PORTABLE MINI - VAKUUM PENGHISAP DEBU MOBIL MEJA, RUMAH DAPAT DICAS / VACUUM CLEANER 2IN1 VACUUM CLEANER SERBAGUNA;34.400;https://down-id.img.susercontent.com/file/8812eca577973e7bfeb2698aadb67bc5_tn;elektronik;8,8RB Terjual;-66%;true;true
?Ready+Bisa COD?Advance Set Top Box TV Digital STB Receiver Penerima Siaran Full HD/kabel HDMI/STB Wifi Bisa Youtube DVB-T2;135.000;https://down-id.img.susercontent.com/file/sg-11134201-7qvcp-lhc3o9vtk5jgb8_tn;elektronik;10RB+ Terjual;-40%;true;true
Lampu Emergency 18 LED + 5Watt + Senter 1Watt Mitsuyama;37.500;https://down-id.img.susercontent.com/file/2f36549d15a42af044b4728fb3918e48_tn;elektronik;10RB+ Terjual;;true;true
BLENDER MINI MANUAL TANGAN / SPEEDY CHOPPER;12.999;https://down-id.img.susercontent.com/file/3a3755909ca7c78446f28df729593ab3_tn;elektronik;10RB+ Terjual;-57%;true;true
Lampu Hakamitsu Trend 5w 7w 9w 12w 15w 18w / Lampu Led Bulb / Lampu Putih / LED ABulb;13.088;https://down-id.img.susercontent.com/file/id-11134201-7r98y-lmufmepgyi0kd4_tn;elektronik;10RB+ Terjual;-19%;true;true
Set Top Box TV Digital Receiver Penerima Siaran Full HD/ STB Wifi Bisa Youtube DVB-T2 Garansi 1 Tahun Bisa dapet semua;134.000;https://down-id.img.susercontent.com/file/id-11134207-7qul0-ljxmggju8duy75_tn;elektronik;10RB+ Terjual;-76%;true;true
HC Lampu Tumblr Kawat Mini 1 2 3 5 Meter Lampu Hias Dekorasi Gift Box Bucket Bunga Balon Fairy Light Led Murah t;1.940;https://down-id.img.susercontent.com/file/sg-11134201-23030-dfjpod2heyovee_tn;elektronik;10RB+ Terjual;-72%;true;true
Pompa Galon Elektrik Praktis / Pompa Galon Tatakan Dudukan Bisa Di Recharge Recas / Portable Dispenser Pompa Air Galon Listrik ?Panda99?;58.777;https://down-id.img.susercontent.com/file/id-11134207-7r98o-lkl7gfd8dmsg0d_tn;elektronik;3,5RB Terjual;;true;true
YATT Oven Listrik Panggangan Elektrik Mini Low Watt 12L Multifungsi Microwave Penghangat Makanan Daging Kue BBQ;158.000;https://down-id.img.susercontent.com/file/id-11134207-7qul4-ljnq7bt9d3qa5c_tn;elektronik;3,5RB Terjual;-40%;true;true
STOP KONTAK KABEL 1.5/3/5 METER 2/3/4/5 LUBANG BER-SNI;21.999;https://down-id.img.susercontent.com/file/id-11134201-7r990-lmzezm2itwcnf3_tn;elektronik;10RB+ Terjual;-16%;true;true
JUICE BLENDER PORTABLE 380ML CUP BOTOL MINI JUICER JUS BATERAI CHARGE;37.500;https://down-id.img.susercontent.com/file/id-11134207-7r98q-ln6v4txzfi6958_tn;elektronik;4,9RB Terjual;-33%;true;true
DINAMO KIPAS BERDIRI UNIVERSAL BISA UNTUK SEMUA KIPAS ANGIN BERDIRI;42.000;https://down-id.img.susercontent.com/file/sg-11134201-22120-maiwemikx0kv18_tn;elektronik;6RB Terjual;;true;true
Pompa Galon Elektrik USB CHARGE ( RECHARGEABLE );32.000;https://down-id.img.susercontent.com/file/id-11134201-7quky-leque76zy0nj62_tn;elektronik;10RB+ Terjual;-3%;true;true
Ace - Krisbow 16 Inci Kipas Angin Industrial 2 In 1 55 Watt Standing Fan Penyejuk Ruangan Kipas Lantai;299.900;https://down-id.img.susercontent.com/file/sg-11134201-7qvf4-lhylfp08x8e0fa_tn;elektronik;4RB Terjual;-25%;true;true
Rice Cooker Mini 1.6L Penanak Nasi / Magic Com Portable? Mrlion ?;59.999;https://down-id.img.susercontent.com/file/id-11134207-7qul3-li48pbkuit17fe_tn;elektronik;10RB+ Terjual;;true;true
[ KYLO ] Blender Daging Stainless/Food Chopper Stainless/Blender Capsule;50.888;https://down-id.img.susercontent.com/file/77d954a93d5f4eeae84d9ccf266115b9_tn;elektronik;10RB+ Terjual;-43%;true;true
Lampu LED Kawat 1 Meter 2 Meter 3 Meter / Lampu Led Bobo / Lampu Tumblr / Hiasan Natal;4.900;https://down-id.img.susercontent.com/file/id-11134207-7r98z-lmcvv3shhhfy4d_tn;elektronik;10RB+ Terjual;-18%;true;true
LAMPU BOHLAM LIPAT MODEL BOLA 30 WATT / LAMPU FOOT BALL UFO LED 40WATT;21.500;https://down-id.img.susercontent.com/file/b603939948ed056aa3a1e10e943ad605_tn;elektronik;10RB+ Terjual;;true;true
Bright Crown Blender Kapsul Penggiling Daging Portable / Chopper Capsule Mini / Penggiling Daging Sayur Buah;56.000;https://down-id.img.susercontent.com/file/id-11134201-7qukz-ljibebqvneqvb2_tn;elektronik;10RB+ Terjual;-59%;true;true
Goto Aquatic Pompa Galon Elektrik Dispenser Air Minum Pump Charge USB;52.900;https://down-id.img.susercontent.com/file/id-11134207-7qukz-li2kzy7wzuqy1f_tn;elektronik;10RB+ Terjual;-70%;true;true
[ READY STOK  ] Advance STB Set Top Box TV Digital Receiver Penerima Siaran Full HD/ STB Wifi Bisa Youtube DVB-T2 STP A01 (Bisa dapet semua channel);139.000;https://down-id.img.susercontent.com/file/id-11134207-7r98o-lkteijqxqk963b_tn;elektronik;10RB+ Terjual;-55%;true;true
Kipas angin besi JUMBO 18”  YASAKA 3in1 / TORNADO FAN/ stand fan/kipas angin/kipas angin dinding/kipas/kipas angin berdiri/kipas angin ac;193.200;https://down-id.img.susercontent.com/file/id-11134207-7qukz-lg8zk9tlrm63b4_tn;elektronik;9,6RB Terjual;-40%;true;true
LAMPU TIDUR LAMPU MALAM / LED NIGHT LIGHT / LAMPU MINI HEMAT ENERGI 2WARNA PUTIH DAN KUNING;14.900;https://down-id.img.susercontent.com/file/id-11134201-23020-1scv44p4e4nvd5_tn;elektronik;10RB+ Terjual;-49%;true;true
Dispenser air 12 liter alexa pacific plastik motif bunga;47.411;https://down-id.img.susercontent.com/file/sg-11134201-22120-a4jxnwlc5glv13_tn;elektronik;8,8RB Terjual;-14%;true;true
QME Pasta Maker Atlas Gilingan Mie Molen Pangsit Cetakan Mie Penggiling Pencetak Pasta Kue;125.900;https://down-id.img.susercontent.com/file/id-11134207-7r98o-llizokac9k4x14_tn;elektronik;4,7RB Terjual;-52%;true;true
Mesin Jahit Mini Portable (Tersedia Meja) + BUBBLE WRAP / mesin jahit portable ada lampunya;81.900;https://down-id.img.susercontent.com/file/sg-11134201-22120-mlx387srotkve0_tn;elektronik;10RB+ Terjual;-36%;true;true
